428 419 1450 38 0 82 101 6 8 4 3 2 4 2 0 0 26 100
492 419 1376 294 0 82 101 4 8 4 3 2 4 0 37 84
556 419 419 550 0 82 101 6 8 4 3 2 4 3 2 0 26 100
620 419 0 806 0 82 101 4 8 4 3 2 12 0 37 84
444 419 2905 102 0 82 101 5 8 8 3 2 2 0 0 26 84
460 419 1377 166 0 82 101 6 8 4 3 2 3 4 0 64 27 85
524 419 1535 422 0 82 101 5 8 4 3 2 3 6 0 37 101
588 419 4 678 0 82 101 6 8 4 3 2 3 4 2 64 27 85
652 419 419 934 0 82 101 5 8 4 3 2 3 14 0 37 101
476 419 1644 230 0 82 101 5 8 8 3 2 3 0 0 27 68
613 419 330 3110 0 98 101 6 8 4 3 2 4 2 12 0 42 100
565 419 2596 2342 0 98 101 7 8 4 3 2 8 2 3 2 0 20 100
645 419 0 3622 0 98 101 6 8 4 3 2 4 3 14 0 42 100
597 419 1298 2854 0 98 101 8 8 4 3 2 8 3 2 3 2 0 21 101
553 419 2596 2150 0 98 101 7 8 8 3 2 2 4 3 2 0 20 100
617 419 1166 3174 0 98 101 5 8 8 3 2 2 12 0 42 84
557 419 2301 2214 0 98 101 8 8 4 3 2 3 4 32 3 8 2 43 117
621 419 2552 3238 0 98 101 7 8 4 3 2 3 4 2 12 64 43 102
445 419 2413 422 0 98 101 6 8 4 3 2 3 8 0 64 22 68
573 419 204 2470 0 98 101 6 8 4 3 2 3 8 2 64 22 68
589 419 701 2726 0 98 101 8 8 4 3 2 3 4 33 2 10 2 43 117
653 419 701 3750 0 98 101 7 8 4 3 2 3 4 3 14 64 43 102
477 419 1059 934 0 98 101 6 8 4 3 2 3 8 0 64 23 52
433 419 701 230 0 98 101 7 8 8 3 2 3 4 2 0 0 22 84
497 419 479 1254 0 98 101 5 8 8 3 2 3 4 0 43 68
561 419 859 2278 0 98 101 8 8 8 3 2 3 4 2 3 2 0 22 101
625 419 792 3302 0 98 101 5 8 8 3 2 3 12 0 43 68
380 204 419 706 64 90 68 8 4 3 2 4 2 9 2 3 2 0 25 100
304 204 894 402 64 90 68 6 4 3 2 8 2 3 6 0 36 100
368 204 419 658 64 90 68 8 4 3 2 8 2 3 4 3 2 0 25 100
432 204 0 914 64 90 68 6 4 3 2 8 2 3 14 0 36 100
260 204 1332 226 64 90 68 8 4 3 2 4 3 8 3 2 0 0 27 84
388 204 1298 738 64 90 68 9 4 3 2 4 3 8 3 2 3 2 0 27 101
248 204 1377 178 64 90 68 8 4 3 2 8 3 2 3 4 0 64 27 85
312 204 1535 434 64 90 68 7 4 3 2 8 3 2 3 6 0 37 101
376 204 4 690 64 90 68 8 4 3 2 8 3 2 3 4 2 64 27 85
440 204 419 946 64 90 68 7 4 3 2 8 3 2 3 14 0 37 101
301 204 894 390 64 90 68 6 8 3 2 2 4 3 6 0 36 100
365 204 419 646 64 90 68 8 8 3 2 2 4 3 4 3 2 0 25 100
429 204 0 902 64 90 68 6 8 3 2 2 4 3 14 0 36 100
253 204 3023 198 64 90 68 7 8 3 2 2 8 3 2 0 0 25 84
381 204 1298 710 64 90 68 8 8 3 2 2 8 3 2 3 2 0 25 101
430 204 558 906 64 90 68 8 4 3 2 3 4 32 3 2 56 2 59 134
254 204 2807 202 64 90 68 7 4 3 2 3 4 2 9 0 192 29 69
382 204 2952 714 64 90 68 7 4 3 2 3 4 2 9 2 192 29 69
338 204 419 538 64 90 68 8 4 3 2 3 8 4 2 3 2 0 28 100
402 204 2531 794 64 90 68 5 4 3 2 3 8 12 64 38 68
242 204 1332 154 64 90 68 8 4 3 2 3 8 4 3 2 0 0 29 84
306 204 2120 410 64 90 68 5 4 3 2 3 8 6 64 38 68
370 204 1298 666 64 90 68 9 4 3 2 3 8 4 3 2 3 2 0 29 101
434 204 1933 922 64 90 68 5 4 3 2 3 8 14 64 38 68
438 204 620 938 64 90 68 7 4 3 2 3 4 33 2 58 2 59 117
262 204 924 234 64 90 68 7 4 3 2 3 4 3 8 0 192 31 53
218 204 701 58 64 90 68 8 4 3 2 3 8 5 2 2 0 0 30 84
282 204 1226 314 64 90 68 5 4 3 2 3 8 4 64 39 52
346 204 859 570 64 90 68 9 4 3 2 3 8 5 2 2 3 2 0 30 101
410 204 489 826 64 90 68 5 4 3 2 3 8 12 64 39 52
271 204 792 270 64 90 68 6 8 3 2 3 4 2 4 0 38 84
335 204 419 526 64 90 68 8 8 3 2 3 4 2 4 3 2 0 28 100
399 204 620 782 64 90 68 6 8 3 2 3 4 2 12 0 38 84
223 204 419 78 64 90 68 7 8 3 2 3 8 2 2 0 0 28 84
239 204 1377 142 64 90 68 8 8 3 2 3 4 2 3 4 0 64 29 85
303 204 348 398 64 90 68 7 8 3 2 3 4 2 3 6 0 38 101
367 204 3008 654 64 90 68 8 8 3 2 3 4 2 3 4 2 64 29 85
431 204 419 910 64 90 68 7 8 3 2 3 4 2 3 14 0 38 101
255 204 2552 206 64 90 68 7 8 3 2 3 8 2 3 0 0 29 68
1354 1298 2552 226 0 85 101 5 4 32 3 2 13 0 128 27 68
1482 1298 1167 738 0 85 101 5 4 32 3 2 13 2 128 27 68
1374 1298 249 306 0 85 101 4 4 2 9 2 4 192 45 86
1438 1298 2356 562 0 85 101 5 4 2 9 32 2 8 2 45 100
1502 1298 37 818 0 85 101 4 4 2 9 2 12 192 45 86
1342 1298 683 178 0 85 101 4 4 2 9 2 2 192 45 86
1470 1298 1226 690 0 85 101 4 4 2 9 2 10 192 45 86
1534 1298 1377 946 0 85 101 4 4 2 9 2 14 192 45 86
1523 1298 0 902 0 85 101 4 8 4 2 3 14 0 44 100
1347 1298 3023 198 0 85 101 5 8 8 2 3 2 0 0 25 84
1475 1298 1298 710 0 85 101 6 8 8 2 3 2 3 2 0 25 101
1435 1298 419 550 0 85 101 6 8 4 3 2 4 3 2 0 26 100
1499 1298 0 806 0 85 101 4 8 4 3 2 12 0 45 84
1323 1298 2905 102 0 85 101 5 8 8 3 2 2 0 0 26 84
1339 1298 1377 166 0 85 101 6 8 4 3 2 3 4 0 64 27 85
1403 1298 1535 422 0 85 101 5 8 4 3 2 3 6 0 45 101
1467 1298 4 678 0 85 101 6 8 4 3 2 3 4 2 64 27 85
1531 1298 419 934 0 85 101 5 8 4 3 2 3 14 0 45 101
1355 1298 1644 230 0 85 101 5 8 8 3 2 3 0 0 27 68
1356 1298 1059 234 0 85 101 5 4 33 2 13 2 0 64 31 52
1312 1298 792 58 0 85 101 5 4 3 8 33 2 0 2 47 84
1376 1298 816 314 0 85 101 4 4 3 8 3 4 192 47 70
1440 1298 0 570 0 85 101 5 4 3 8 33 2 8 2 47 84
1504 1298 274 826 0 85 101 4 4 3 8 3 12 192 47 70
1429 1298 419 526 0 85 101 6 8 5 2 2 4 3 2 0 28 100
1493 1298 620 782 0 85 101 4 8 5 2 2 12 0 46 84
1445 1298 60 590 0 85 101 6 8 9 2 2 2 3 2 0 28 101
1333 1298 1377 142 0 85 101 6 8 5 2 2 3 4 0 64 29 85
1397 1298 348 398 0 85 101 5 8 5 2 2 3 6 0 46 101
1461 1298 3008 654 0 85 101 6 8 5 2 2 3 4 2 64 29 85
1525 1298 419 910 0 85 101 5 8 5 2 2 3 14 0 46 101
1349 1298 2552 206 0 85 101 5 8 9 2 2 3 0 0 29 68
1583 1377 2301 824 64 91 85 4 32 3 2 13 12 128 43 68
1551 1377 204 696 64 91 85 6 32 3 2 13 4 3 2 64 23 68
1615 1377 249 952 64 91 85 4 32 3 2 13 14 128 43 68
1524 1377 965 588 64 91 85 4 2 9 2 64 36 2052 61 100
1604 1377 109 908 64 91 85 4 2 9 32 2 56 2 61 100
1556 1377 1657 716 64 91 85 4 2 9 2 2 44 192 61 103
1580 1377 546 812 64 91 85 4 2 9 2 3 50 192 61 103
1612 1377 3023 940 64 91 85 4 2 9 2 3 58 192 61 103
1436 1377 1450 236 64 91 85 4 2 9 2 65 14 2052 61 100
643 419 0 3598 0 101 101 6 8 5 2 2 4 3 14 0 44 100
595 419 1298 2830 0 101 101 8 8 5 2 2 8 3 2 3 2 0 25 101
455 419 1377 590 0 101 101 7 8 9 2 2 2 3 4 0 64 25 85
519 419 419 1614 0 101 101 6 8 9 2 2 2 3 6 0 44 101
583 419 4 2638 0 101 101 7 8 9 2 2 2 3 4 2 64 25 85
555 419 2301 2190 0 101 101 8 8 5 2 2 3 4 32 3 8 2 45 117
619 419 2552 3214 0 101 101 7 8 5 2 2 3 4 2 12 64 45 102
443 419 1836 398 0 101 101 6 8 5 2 2 3 8 0 64 26 68
571 419 204 2446 0 101 101 6 8 5 2 2 3 8 2 64 26 68
459 419 204 654 0 101 101 8 8 5 2 2 3 4 33 2 2 2 45 117
587 419 701 2702 0 101 101 8 8 5 2 2 3 4 33 2 10 2 45 117
651 419 701 3726 0 101 101 7 8 5 2 2 3 4 3 14 64 45 102
475 419 1059 910 0 101 101 6 8 5 2 2 3 8 0 64 27 52
495 419 652 1230 0 101 101 5 8 9 2 2 3 4 0 45 68
623 419 2301 3278 0 101 101 5 8 9 2 2 3 12 0 45 68
2716 2552 419 2636 64 107 102 7 9 2 64 12 3 2 3 2 0 25 100
2780 2552 457 3660 64 107 102 3 9 2 64 228 2052 77 100
2736 2552 1298 2956 64 107 102 8 9 32 2 13 2 3 2 3 2 0 27 101
2596 2552 330 716 64 107 102 4 9 2 2 9 2 448 37 70
2724 2552 1933 2764 64 107 102 4 9 2 2 9 10 448 37 70
2788 2552 2807 3788 64 107 102 4 9 2 2 9 14 448 37 70
2602 2552 1933 812 64 107 102 4 9 2 3 4 12 448 59 87
2730 2552 42 2860 64 107 102 4 9 2 3 4 44 448 59 87
2610 2552 652 940 64 107 102 4 9 2 3 4 14 448 59 87
2566 2552 701 236 64 107 102 7 9 2 65 12 3 2 2 0 0 30 84
2630 2552 2734 1260 64 107 102 3 9 2 65 78 2052 77 100
2694 2552 859 2284 64 107 102 8 9 2 65 12 3 2 2 3 2 0 30 101
2758 2552 330 3308 64 107 102 3 9 2 65 206 2052 77 100
1115 1059 1332 224 64 87 52 8 5 2 2 4 3 8 3 2 0 0 19 84
1243 1059 1298 736 64 87 52 9 5 2 2 4 3 8 3 2 3 2 0 19 101
1103 1059 1377 176 64 87 52 8 5 2 2 8 3 2 3 4 0 64 19 85
1167 1059 1535 432 64 87 52 7 5 2 2 8 3 2 3 6 0 41 101
1231 1059 4 688 64 87 52 8 5 2 2 8 3 2 3 4 2 64 19 85
1295 1059 419 944 64 87 52 7 5 2 2 8 3 2 3 14 0 41 101
1196 1059 2301 548 64 87 52 8 9 2 2 2 3 4 32 3 8 2 41 117
1260 1059 2552 804 64 87 52 7 9 2 2 2 3 4 2 12 64 41 102
1212 1059 204 612 64 87 52 6 9 2 2 2 3 8 2 64 18 68
1100 1059 620 164 64 87 52 8 9 2 2 2 3 4 33 2 2 2 41 117
1228 1059 701 676 64 87 52 8 9 2 2 2 3 4 33 2 10 2 41 117
1292 1059 701 932 64 87 52 7 9 2 2 2 3 4 3 14 64 41 102
1285 1059 558 904 64 87 52 8 5 2 2 3 4 32 3 2 56 2 61 134
1109 1059 2807 200 64 87 52 7 5 2 2 3 4 2 9 0 192 21 69
1237 1059 2952 712 64 87 52 7 5 2 2 3 4 2 9 2 192 21 69
1193 1059 2596 536 64 87 52 8 5 2 2 3 8 4 2 3 2 0 20 100
1257 1059 2531 792 64 87 52 5 5 2 2 3 8 12 64 42 68
1097 1059 1332 152 64 87 52 8 5 2 2 3 8 4 3 2 0 0 21 84
1161 1059 2120 408 64 87 52 5 5 2 2 3 8 6 64 42 68
1225 1059 1298 664 64 87 52 9 5 2 2 3 8 4 3 2 3 2 0 21 101
1289 1059 1933 920 64 87 52 5 5 2 2 3 8 14 64 42 68
1261 1059 1933 808 64 87 52 7 5 2 2 3 4 33 2 50 2 61 117
1293 1059 620 936 64 87 52 7 5 2 2 3 4 33 2 58 2 61 117
1117 1059 924 232 64 87 52 7 5 2 2 3 4 3 8 0 192 23 53
1073 1059 701 56 64 87 52 8 5 2 2 3 8 5 2 2 0 0 22 84
1137 1059 1226 312 64 87 52 5 5 2 2 3 8 4 64 43 52
1201 1059 859 568 64 87 52 9 5 2 2 3 8 5 2 2 3 2 0 22 101
1265 1059 489 824 64 87 52 5 5 2 2 3 8 12 64 43 52
1206 1059 1298 588 64 87 52 8 9 2 2 3 8 2 2 3 2 0 20 101
1110 1059 2413 204 64 87 52 7 9 2 2 3 8 2 3 0 0 21 68
3156 2952 7 818 192 93 69 4 2 3 4 2 204 448 75 104
2996 2952 1535 178 192 93 69 7 2 3 4 96 9 2 3 2 2 45 100
3124 2952 0 690 192 93 69 7 2 3 4 96 9 2 3 10 2 45 100
3188 2952 1836 946 192 93 69 4 2 3 4 2 236 448 75 104
2966 2952 18 58 192 93 69 4 2 3 4 3 14 448 75 104
3030 2952 48 314 192 93 69 4 2 3 4 3 78 448 75 104
3158 2952 965 826 192 93 69 4 2 3 4 3 206 448 75 104
3083 2952 419 526 192 93 69 8 2 65 12 3 2 2 4 3 2 0 28 100
3147 2952 620 782 192 93 69 6 2 65 12 3 2 2 12 0 46 84
3099 2952 60 590 192 93 69 8 2 65 16 3 2 2 2 3 2 0 28 101
2987 2952 1377 142 192 93 69 8 2 65 12 3 2 2 3 4 0 64 29 85
3051 2952 348 398 192 93 69 7 2 65 12 3 2 2 3 6 0 46 101
3115 2952 3008 654 192 93 69 8 2 65 12 3 2 2 3 4 2 64 29 85
3179 2952 419 910 192 93 69 7 2 65 12 3 2 2 3 14 0 46 101
3003 2952 2552 206 192 93 69 7 2 65 16 3 2 2 3 0 0 29 68
843 701 419 568 0 94 84 7 4 3 8 3 2 4 3 2 0 22 100
907 701 0 824 0 94 84 5 4 3 8 3 2 12 0 35 84
747 701 1377 184 0 94 84 7 4 3 8 3 2 3 4 0 64 23 85
875 701 4 696 0 94 84 7 4 3 8 3 2 3 4 2 64 23 85
939 701 419 952 0 94 84 6 4 3 8 3 2 3 14 0 35 101
840 701 2301 556 0 94 84 7 8 3 2 3 4 32 3 8 2 35 117
904 701 2552 812 0 94 84 6 8 3 2 3 4 2 12 64 35 102
728 701 2413 108 0 94 84 5 8 3 2 3 8 0 64 22 68
856 701 204 620 0 94 84 5 8 3 2 3 8 2 64 22 68
744 701 620 172 0 94 84 7 8 3 2 3 4 33 2 2 2 35 117
872 701 701 684 0 94 84 7 8 3 2 3 4 33 2 10 2 35 117
936 701 701 940 0 94 84 6 8 3 2 3 4 3 14 64 35 102
760 701 1059 236 0 94 84 5 8 3 2 3 8 0 64 23 52
915 859 2552 226 0 94 101 5 4 32 3 2 13 0 128 27 68
999 859 2356 562 0 94 101 5 4 2 9 32 2 8 2 37 100
1063 859 37 818 0 94 101 4 4 2 9 2 12 192 37 86
903 859 683 178 0 94 101 4 4 2 9 2 2 192 37 86
1031 859 1226 690 0 94 101 4 4 2 9 2 10 192 37 86
1095 859 1377 946 0 94 101 4 4 2 9 2 14 192 37 86
956 859 894 390 0 94 101 4 8 4 2 3 6 0 36 100
1020 859 419 646 0 94 101 6 8 4 2 3 4 3 2 0 25 100
1084 859 0 902 0 94 101 4 8 4 2 3 14 0 36 100
908 859 3023 198 0 94 101 5 8 8 2 3 2 0 0 25 84
1036 859 1298 710 0 94 101 6 8 8 2 3 2 3 2 0 25 101
868 859 1450 38 0 94 101 6 8 4 3 2 4 2 0 0 26 100
932 859 1376 294 0 94 101 4 8 4 3 2 4 0 37 84
996 859 419 550 0 94 101 6 8 4 3 2 4 3 2 0 26 100
1060 859 0 806 0 94 101 4 8 4 3 2 12 0 37 84
884 859 2905 102 0 94 101 5 8 8 3 2 2 0 0 26 84
900 859 1377 166 0 94 101 6 8 4 3 2 3 4 0 64 27 85
964 859 1535 422 0 94 101 5 8 4 3 2 3 6 0 37 101
1028 859 4 678 0 94 101 6 8 4 3 2 3 4 2 64 27 85
1092 859 419 934 0 94 101 5 8 4 3 2 3 14 0 37 101
916 859 1644 230 0 94 101 5 8 8 3 2 3 0 0 27 68
1037 859 204 714 0 94 101 5 4 33 2 12 3 2 64 29 68
917 859 1059 234 0 94 101 5 4 33 2 13 2 0 64 31 52
873 859 792 58 0 94 101 5 4 3 8 33 2 0 2 39 84
937 859 816 314 0 94 101 4 4 3 8 3 4 192 39 70
1001 859 0 570 0 94 101 5 4 3 8 33 2 8 2 39 84
1065 859 274 826 0 94 101 4 4 3 8 3 12 192 39 70
926 859 792 270 0 94 101 4 8 5 2 2 4 0 38 84
990 859 419 526 0 94 101 6 8 5 2 2 4 3 2 0 28 100
1054 859 620 782 0 94 101 4 8 5 2 2 12 0 38 84
1006 859 60 590 0 94 101 6 8 9 2 2 2 3 2 0 28 101
894 859 1377 142 0 94 101 6 8 5 2 2 3 4 0 64 29 85
958 859 348 398 0 94 101 5 8 5 2 2 3 6 0 38 101
1022 859 3008 654 0 94 101 6 8 5 2 2 3 4 2 64 29 85
1086 859 419 910 0 94 101 5 8 5 2 2 3 14 0 38 101
910 859 2552 206 0 94 101 5 8 9 2 2 3 0 0 29 68
1601 1377 0 3598 192 109 86 7 65 12 3 2 2 4 3 14 0 44 100
1553 1377 1298 2830 192 109 86 9 65 12 3 2 2 8 3 2 3 2 0 25 101
1413 1377 1377 590 192 109 86 8 65 16 3 2 2 2 3 4 0 64 25 85
1477 1377 419 1614 192 109 86 7 65 16 3 2 2 2 3 6 0 44 101
1541 1377 4 2638 192 109 86 8 65 16 3 2 2 2 3 4 2 64 25 85
1513 1377 2301 2190 192 109 86 9 65 12 3 2 2 3 4 32 3 8 2 45 117
1577 1377 2552 3214 192 109 86 8 65 12 3 2 2 3 4 2 12 64 45 102
1401 1377 1836 398 192 109 86 7 65 12 3 2 2 3 8 0 64 26 68
1529 1377 204 2446 192 109 86 7 65 12 3 2 2 3 8 2 64 26 68
1417 1377 204 654 192 109 86 9 65 12 3 2 2 3 4 33 2 2 2 45 117
1545 1377 701 2702 192 109 86 9 65 12 3 2 2 3 4 33 2 10 2 45 117
1609 1377 701 3726 192 109 86 8 65 12 3 2 2 3 4 3 14 64 45 102
1433 1377 1059 910 192 109 86 7 65 12 3 2 2 3 8 0 64 27 52
1453 1377 652 1230 192 109 86 6 65 16 3 2 2 3 4 0 45 68
1581 1377 2301 3278 192 109 86 6 65 16 3 2 2 3 12 0 45 68
646 419 0 910 0 92 100 5 8 3 2 4 3 14 0 38 100
470 419 1332 206 0 92 100 6 8 3 2 8 3 2 0 0 29 84
598 419 1298 718 0 92 100 7 8 3 2 8 3 2 3 2 0 29 101
622 419 2552 814 0 92 100 6 8 3 2 3 4 2 12 64 39 102
654 419 701 942 0 92 100 6 8 3 2 3 4 3 14 64 39 102
478 419 1059 238 0 92 100 5 8 3 2 3 8 0 64 31 52
718 620 258 1580 0 110 84 8 8 3 2 3 4 32 3 2 24 2 51 134
846 620 558 3628 0 110 84 8 8 3 2 3 4 32 3 2 56 2 51 134
670 620 2807 812 0 110 84 7 8 3 2 3 4 2 9 0 192 29 69
798 620 2952 2860 0 110 84 7 8 3 2 3 4 2 9 2 192 29 69
754 620 419 2156 0 110 84 8 8 3 2 3 8 4 2 3 2 0 28 100
818 620 2531 3180 0 110 84 5 8 3 2 3 8 12 64 38 68
658 620 1332 620 0 110 84 8 8 3 2 3 8 4 3 2 0 0 29 84
722 620 2120 1644 0 110 84 5 8 3 2 3 8 6 64 38 68
786 620 1298 2668 0 110 84 9 8 3 2 3 8 4 3 2 3 2 0 29 101
850 620 1933 3692 0 110 84 5 8 3 2 3 8 14 64 38 68
822 620 683 3244 0 110 84 7 8 3 2 3 4 33 2 50 2 51 117
854 620 620 3756 0 110 84 7 8 3 2 3 4 33 2 58 2 51 117
678 620 924 940 0 110 84 7 8 3 2 3 4 3 8 0 192 31 53
634 620 701 236 0 110 84 8 8 3 2 3 8 5 2 2 0 0 30 84
698 620 1226 1260 0 110 84 5 8 3 2 3 8 4 64 39 52
762 620 859 2284 0 110 84 9 8 3 2 3 8 5 2 2 3 2 0 30 101
826 620 489 3308 0 110 84 5 8 3 2 3 8 12 64 39 52
3052 3008 1332 178 64 93 85 7 33 2 12 3 4 3 2 0 0 27 84
3116 3008 2120 434 64 93 85 4 33 2 12 3 6 64 45 68
3244 3008 1933 946 64 93 85 4 33 2 12 3 14 64 45 68
3022 3008 701 58 64 93 85 7 33 2 13 2 5 2 2 0 0 30 84
3086 3008 1226 314 64 93 85 4 33 2 13 2 4 64 47 52
3150 3008 859 570 64 93 85 8 33 2 13 2 5 2 2 3 2 0 30 101
3214 3008 489 826 64 93 85 4 33 2 13 2 12 64 47 52
3139 3008 419 526 64 93 85 7 3 8 33 2 8 2 3 2 0 28 100
3203 3008 2356 782 64 93 85 4 3 8 33 2 48 2 55 84
3155 3008 2187 590 64 93 85 4 3 8 3 64 36 2052 55 84
3107 3008 2793 398 64 93 85 4 3 8 33 2 24 2 55 84
3171 3008 1298 654 64 93 85 8 3 8 33 2 8 3 2 3 2 0 29 101
3235 3008 1707 910 64 93 85 4 3 8 33 2 56 2 55 84
3059 3008 1971 206 64 93 85 4 3 8 3 64 12 2052 55 84
563 419 419 2318 0 110 101 7 8 5 2 2 8 2 3 2 0 24 100
643 419 0 3598 0 110 101 6 8 5 2 2 4 3 14 0 44 100
595 419 1298 2830 0 110 101 8 8 5 2 2 8 3 2 3 2 0 25 101
455 419 1377 590 0 110 101 7 8 9 2 2 2 3 4 0 64 25 85
519 419 419 1614 0 110 101 6 8 9 2 2 2 3 6 0 44 101
583 419 4 2638 0 110 101 7 8 9 2 2 2 3 4 2 64 25 85
555 419 2301 2190 0 110 101 8 8 5 2 2 3 4 32 3 8 2 45 117
619 419 2552 3214 0 110 101 7 8 5 2 2 3 4 2 12 64 45 102
443 419 1836 398 0 110 101 6 8 5 2 2 3 8 0 64 26 68
571 419 204 2446 0 110 101 6 8 5 2 2 3 8 2 64 26 68
459 419 204 654 0 110 101 8 8 5 2 2 3 4 33 2 2 2 45 117
587 419 701 2702 0 110 101 8 8 5 2 2 3 4 33 2 10 2 45 117
651 419 701 3726 0 110 101 7 8 5 2 2 3 4 3 14 64 45 102
475 419 1059 910 0 110 101 6 8 5 2 2 3 8 0 64 27 52
495 419 652 1230 0 110 101 5 8 9 2 2 3 4 0 45 68
623 419 2301 3278 0 110 101 5 8 9 2 2 3 12 0 45 68
1506 1450 1332 3598 2052 125 100 9 12 3 2 2 4 3 8 3 2 0 0 19 84
1634 1450 1298 11790 2052 125 100 10 12 3 2 2 4 3 8 3 2 3 2 0 19 101
1494 1450 1377 2830 2052 125 100 9 12 3 2 2 8 3 2 3 4 0 64 19 85
1558 1450 1535 6926 2052 125 100 8 12 3 2 2 8 3 2 3 6 0 41 101
1622 1450 4 11022 2052 125 100 9 12 3 2 2 8 3 2 3 4 2 64 19 85
1686 1450 419 15118 2052 125 100 8 12 3 2 2 8 3 2 3 14 0 41 101
1587 1450 2301 8782 2052 125 100 9 16 3 2 2 2 3 4 32 3 8 2 41 117
1651 1450 2552 12878 2052 125 100 8 16 3 2 2 2 3 4 2 12 64 41 102
1603 1450 204 9806 2052 125 100 7 16 3 2 2 2 3 8 2 64 18 68
1491 1450 620 2638 2052 125 100 9 16 3 2 2 2 3 4 33 2 2 2 41 117
1619 1450 701 10830 2052 125 100 9 16 3 2 2 2 3 4 33 2 10 2 41 117
1683 1450 701 14926 2052 125 100 8 16 3 2 2 2 3 4 3 14 64 41 102
1676 1450 558 14478 2052 125 100 9 12 3 2 2 3 4 32 3 2 56 2 61 134
1500 1450 2807 3214 2052 125 100 8 12 3 2 2 3 4 2 9 0 192 21 69
1628 1450 2952 11406 2052 125 100 8 12 3 2 2 3 4 2 9 2 192 21 69
1584 1450 2596 8590 2052 125 100 9 12 3 2 2 3 8 4 2 3 2 0 20 100
1648 1450 2531 12686 2052 125 100 6 12 3 2 2 3 8 12 64 42 68
1488 1450 1332 2446 2052 125 100 9 12 3 2 2 3 8 4 3 2 0 0 21 84
1552 1450 2120 6542 2052 125 100 6 12 3 2 2 3 8 6 64 42 68
1616 1450 1298 10638 2052 125 100 10 12 3 2 2 3 8 4 3 2 3 2 0 21 101
1680 1450 1933 14734 2052 125 100 6 12 3 2 2 3 8 14 64 42 68
1652 1450 1933 12942 2052 125 100 8 12 3 2 2 3 4 33 2 50 2 61 117
1684 1450 620 14990 2052 125 100 8 12 3 2 2 3 4 33 2 58 2 61 117
1508 1450 924 3726 2052 125 100 8 12 3 2 2 3 4 3 8 0 192 23 53
1464 1450 701 910 2052 125 100 9 12 3 2 2 3 8 5 2 2 0 0 22 84
1528 1450 1226 5006 2052 125 100 6 12 3 2 2 3 8 4 64 43 52
1592 1450 859 9102 2052 125 100 10 12 3 2 2 3 8 5 2 2 3 2 0 22 101
1656 1450 489 13198 2052 125 100 6 12 3 2 2 3 8 12 64 43 52
1597 1450 1298 9422 2052 125 100 9 16 3 2 2 3 8 2 2 3 2 0 20 101
1501 1450 2413 3278 2052 125 100 8 16 3 2 2 3 8 2 3 0 0 21 68
56 0 1332 910 0 108 100 8 8 3 2 4 3 8 3 2 0 0 27 84
184 0 1298 2958 0 108 100 9 8 3 2 4 3 8 3 2 3 2 0 27 101
140 0 419 2254 0 108 100 8 8 3 2 8 3 2 4 3 2 0 26 100
204 0 0 3278 0 108 100 6 8 3 2 8 3 2 12 0 45 84
44 0 1377 718 0 108 100 8 8 3 2 8 3 2 3 4 0 64 27 85
108 0 1535 1742 0 108 100 7 8 3 2 8 3 2 3 6 0 45 101
172 0 4 2766 0 108 100 8 8 3 2 8 3 2 3 4 2 64 27 85
236 0 419 3790 0 108 100 7 8 3 2 8 3 2 3 14 0 45 101
50 0 2807 814 0 108 100 7 8 3 2 3 4 2 9 0 192 29 69
178 0 2952 2862 0 108 100 7 8 3 2 3 4 2 9 2 192 29 69
58 0 924 942 0 108 100 7 8 3 2 3 4 3 8 0 192 31 53
14 0 701 238 0 108 100 8 8 3 2 3 8 5 2 2 0 0 30 84
78 0 1226 1262 0 108 100 5 8 3 2 3 8 4 64 47 52
142 0 859 2286 0 108 100 9 8 3 2 3 8 5 2 2 3 2 0 30 101
206 0 489 3310 0 108 100 5 8 3 2 3 8 12 64 47 52
1450 1298 2793 610 0 89 101 6 4 32 3 2 12 3 2 128 26 101
1354 1298 2552 226 0 89 101 5 4 32 3 2 13 0 128 27 68
1482 1298 1167 738 0 89 101 5 4 32 3 2 13 2 128 27 68
1374 1298 249 306 0 89 101 4 4 2 9 2 4 192 45 86
1438 1298 2356 562 0 89 101 5 4 2 9 32 2 8 2 45 100
1502 1298 37 818 0 89 101 4 4 2 9 2 12 192 45 86
1342 1298 683 178 0 89 101 4 4 2 9 2 2 192 45 86
1470 1298 1226 690 0 89 101 4 4 2 9 2 10 192 45 86
1534 1298 1377 946 0 89 101 4 4 2 9 2 14 192 45 86
1523 1298 0 902 0 89 101 4 8 4 2 3 14 0 44 100
1347 1298 3023 198 0 89 101 5 8 8 2 3 2 0 0 25 84
1475 1298 1298 710 0 89 101 6 8 8 2 3 2 3 2 0 25 101
1435 1298 419 550 0 89 101 6 8 4 3 2 4 3 2 0 26 100
1499 1298 0 806 0 89 101 4 8 4 3 2 12 0 45 84
1323 1298 2905 102 0 89 101 5 8 8 3 2 2 0 0 26 84
1339 1298 1377 166 0 89 101 6 8 4 3 2 3 4 0 64 27 85
1403 1298 1535 422 0 89 101 5 8 4 3 2 3 6 0 45 101
1467 1298 4 678 0 89 101 6 8 4 3 2 3 4 2 64 27 85
1531 1298 419 934 0 89 101 5 8 4 3 2 3 14 0 45 101
1355 1298 1644 230 0 89 101 5 8 8 3 2 3 0 0 27 68
1348 1298 2413 202 0 89 101 5 4 33 2 12 3 0 64 29 68
1476 1298 204 714 0 89 101 5 4 33 2 12 3 2 64 29 68
1356 1298 1059 234 0 89 101 5 4 33 2 13 2 0 64 31 52
1312 1298 792 58 0 89 101 5 4 3 8 33 2 0 2 47 84
1376 1298 816 314 0 89 101 4 4 3 8 3 4 192 47 70
1440 1298 0 570 0 89 101 5 4 3 8 33 2 8 2 47 84
1504 1298 274 826 0 89 101 4 4 3 8 3 12 192 47 70
1429 1298 419 526 0 89 101 6 8 5 2 2 4 3 2 0 28 100
1493 1298 620 782 0 89 101 4 8 5 2 2 12 0 46 84
1445 1298 60 590 0 89 101 6 8 9 2 2 2 3 2 0 28 101
1333 1298 1377 142 0 89 101 6 8 5 2 2 3 4 0 64 29 85
1397 1298 348 398 0 89 101 5 8 5 2 2 3 6 0 46 101
1461 1298 3008 654 0 89 101 6 8 5 2 2 3 4 2 64 29 85
1525 1298 419 910 0 89 101 5 8 5 2 2 3 14 0 46 101
1349 1298 2552 206 0 89 101 5 8 9 2 2 3 0 0 29 68
925 701 0 3598 64 109 102 6 8 33 2 8 2 3 14 0 44 100
877 701 1298 2830 64 109 102 8 8 33 2 12 2 3 2 3 2 0 25 101
737 701 3023 590 64 109 102 7 8 3 64 12 2 3 2 0 0 25 84
801 701 1075 1614 64 109 102 3 8 3 64 100 2052 71 84
865 701 1298 2638 64 109 102 8 8 3 64 12 2 3 2 3 2 0 25 101
725 701 2905 398 64 109 102 7 8 33 2 12 3 2 2 0 0 26 84
853 701 859 2446 64 109 102 8 8 33 2 12 3 2 2 3 2 0 26 101
741 701 1377 654 64 109 102 8 8 33 2 8 3 2 3 4 0 64 27 85
805 701 1535 1678 64 109 102 7 8 33 2 8 3 2 3 6 0 45 101
869 701 4 2702 64 109 102 8 8 33 2 8 3 2 3 4 2 64 27 85
933 701 419 3726 64 109 102 7 8 33 2 8 3 2 3 14 0 45 101
757 701 1644 910 64 109 102 7 8 33 2 12 3 2 3 0 0 27 68
777 701 31 1230 64 109 102 3 8 3 64 76 2052 71 84
905 701 2014 3278 64 109 102 3 8 3 64 204 2052 71 84
1287 1059 0 912 64 91 52 6 5 2 2 8 2 3 14 0 40 100
1115 1059 1332 224 64 91 52 8 5 2 2 4 3 8 3 2 0 0 19 84
1243 1059 1298 736 64 91 52 9 5 2 2 4 3 8 3 2 3 2 0 19 101
1103 1059 1377 176 64 91 52 8 5 2 2 8 3 2 3 4 0 64 19 85
1167 1059 1535 432 64 91 52 7 5 2 2 8 3 2 3 6 0 41 101
1231 1059 4 688 64 91 52 8 5 2 2 8 3 2 3 4 2 64 19 85
1295 1059 419 944 64 91 52 7 5 2 2 8 3 2 3 14 0 41 101
1196 1059 2301 548 64 91 52 8 9 2 2 2 3 4 32 3 8 2 41 117
1260 1059 2552 804 64 91 52 7 9 2 2 2 3 4 2 12 64 41 102
1212 1059 204 612 64 91 52 6 9 2 2 2 3 8 2 64 18 68
1100 1059 620 164 64 91 52 8 9 2 2 2 3 4 33 2 2 2 41 117
1228 1059 701 676 64 91 52 8 9 2 2 2 3 4 33 2 10 2 41 117
1292 1059 701 932 64 91 52 7 9 2 2 2 3 4 3 14 64 41 102
1285 1059 558 904 64 91 52 8 5 2 2 3 4 32 3 2 56 2 61 134
1109 1059 2807 200 64 91 52 7 5 2 2 3 4 2 9 0 192 21 69
1237 1059 2952 712 64 91 52 7 5 2 2 3 4 2 9 2 192 21 69
1193 1059 2596 536 64 91 52 8 5 2 2 3 8 4 2 3 2 0 20 100
1257 1059 2531 792 64 91 52 5 5 2 2 3 8 12 64 42 68
1097 1059 1332 152 64 91 52 8 5 2 2 3 8 4 3 2 0 0 21 84
1161 1059 2120 408 64 91 52 5 5 2 2 3 8 6 64 42 68
1225 1059 1298 664 64 91 52 9 5 2 2 3 8 4 3 2 3 2 0 21 101
1289 1059 1933 920 64 91 52 5 5 2 2 3 8 14 64 42 68
1261 1059 1933 808 64 91 52 7 5 2 2 3 4 33 2 50 2 61 117
1293 1059 620 936 64 91 52 7 5 2 2 3 4 33 2 58 2 61 117
1117 1059 924 232 64 91 52 7 5 2 2 3 4 3 8 0 192 23 53
1073 1059 701 56 64 91 52 8 5 2 2 3 8 5 2 2 0 0 22 84
1137 1059 1226 312 64 91 52 5 5 2 2 3 8 4 64 43 52
1201 1059 859 568 64 91 52 9 5 2 2 3 8 5 2 2 3 2 0 22 101
1265 1059 489 824 64 91 52 5 5 2 2 3 8 12 64 43 52
1206 1059 1298 588 64 91 52 8 9 2 2 3 8 2 2 3 2 0 20 101
1110 1059 2413 204 64 91 52 7 9 2 2 3 8 2 3 0 0 21 68
366 330 1377 9422 2052 141 100 10 16 3 2 2 3 8 2 2 3 4 0 64 25 85
342 330 2905 3278 2052 141 100 10 16 3 2 2 3 8 2 3 4 2 0 0 26 84
1474 1332 419 568 0 83 84 7 4 3 8 3 2 4 3 2 0 22 100
1538 1332 0 824 0 83 84 5 4 3 8 3 2 12 0 43 84
1378 1332 1377 184 0 83 84 7 4 3 8 3 2 3 4 0 64 23 85
1570 1332 419 952 0 83 84 6 4 3 8 3 2 3 14 0 43 101
1559 1332 0 908 0 83 84 5 8 3 2 4 3 14 0 42 100
1383 1332 1332 204 0 83 84 6 8 3 2 8 3 2 0 0 21 84
1511 1332 1298 716 0 83 84 7 8 3 2 8 3 2 3 2 0 21 101
1471 1332 2301 556 0 83 84 7 8 3 2 3 4 32 3 8 2 43 117
1535 1332 2552 812 0 83 84 6 8 3 2 3 4 2 12 64 43 102
1487 1332 204 620 0 83 84 5 8 3 2 3 8 2 64 22 68
1503 1332 701 684 0 83 84 7 8 3 2 3 4 33 2 10 2 43 117
1567 1332 701 940 0 83 84 6 8 3 2 3 4 3 14 64 43 102
1391 1332 1059 236 0 83 84 5 8 3 2 3 8 0 64 23 52
144 4 419 562 64 83 85 7 33 2 12 3 4 2 3 2 0 26 100
208 4 2531 818 64 83 85 4 33 2 12 3 12 64 45 68
48 4 1332 178 64 83 85 7 33 2 12 3 4 3 2 0 0 27 84
112 4 2120 434 64 83 85 4 33 2 12 3 6 64 45 68
240 4 1933 946 64 83 85 4 33 2 12 3 14 64 45 68
18 4 701 58 64 83 85 7 33 2 13 2 5 2 2 0 0 30 84
82 4 1226 314 64 83 85 4 33 2 13 2 4 64 47 52
146 4 859 570 64 83 85 8 33 2 13 2 5 2 2 3 2 0 30 101
210 4 489 826 64 83 85 4 33 2 13 2 12 64 47 52
135 4 419 526 64 83 85 7 3 8 33 2 8 2 3 2 0 28 100
199 4 2356 782 64 83 85 4 3 8 33 2 48 2 63 84
151 4 2187 590 64 83 85 4 3 8 3 64 36 2052 63 84
39 4 1332 142 64 83 85 7 3 8 33 2 8 3 2 0 0 29 84
103 4 2793 398 64 83 85 4 3 8 33 2 24 2 63 84
167 4 1298 654 64 83 85 8 3 8 33 2 8 3 2 3 2 0 29 101
231 4 1707 910 64 83 85 4 3 8 33 2 56 2 63 84
55 4 1971 206 64 83 85 4 3 8 3 64 12 2052 63 84
643 419 0 3598 0 105 101 6 8 5 2 2 4 3 14 0 44 100
595 419 1298 2830 0 105 101 8 8 5 2 2 8 3 2 3 2 0 25 101
455 419 1377 590 0 105 101 7 8 9 2 2 2 3 4 0 64 25 85
519 419 419 1614 0 105 101 6 8 9 2 2 2 3 6 0 44 101
583 419 4 2638 0 105 101 7 8 9 2 2 2 3 4 2 64 25 85
555 419 2301 2190 0 105 101 8 8 5 2 2 3 4 32 3 8 2 45 117
619 419 2552 3214 0 105 101 7 8 5 2 2 3 4 2 12 64 45 102
443 419 1836 398 0 105 101 6 8 5 2 2 3 8 0 64 26 68
571 419 204 2446 0 105 101 6 8 5 2 2 3 8 2 64 26 68
459 419 204 654 0 105 101 8 8 5 2 2 3 4 33 2 2 2 45 117
587 419 701 2702 0 105 101 8 8 5 2 2 3 4 33 2 10 2 45 117
651 419 701 3726 0 105 101 7 8 5 2 2 3 4 3 14 64 45 102
475 419 1059 910 0 105 101 6 8 5 2 2 3 8 0 64 27 52
495 419 652 1230 0 105 101 5 8 9 2 2 3 4 0 45 68
623 419 2301 3278 0 105 101 5 8 9 2 2 3 12 0 45 68
980 924 1332 224 192 87 53 8 33 2 8 2 3 8 3 2 0 0 19 84
1108 924 1298 736 192 87 53 9 33 2 8 2 3 8 3 2 3 2 0 19 101
968 924 1377 176 192 87 53 8 33 2 12 2 3 2 3 4 0 64 19 85
1032 924 1535 432 192 87 53 7 33 2 12 2 3 2 3 6 0 41 101
1096 924 4 688 192 87 53 8 33 2 12 2 3 2 3 4 2 64 19 85
1160 924 419 944 192 87 53 7 33 2 12 2 3 2 3 14 0 41 101
1061 924 701 548 192 87 53 8 3 64 12 2 3 2 4 3 2 0 18 100
1125 924 0 804 192 87 53 6 3 64 12 2 3 2 12 0 41 84
1077 924 419 612 192 87 53 8 3 64 16 2 3 2 2 3 2 0 18 101
965 924 1377 164 192 87 53 8 3 64 12 2 3 2 3 4 0 64 19 85
1029 924 1535 420 192 87 53 7 3 64 12 2 3 2 3 6 0 41 101
1093 924 4 676 192 87 53 8 3 64 12 2 3 2 3 4 2 64 19 85
1157 924 419 932 192 87 53 7 3 64 12 2 3 2 3 14 0 41 101
1058 924 2596 536 192 87 53 8 33 2 12 3 2 2 4 3 2 0 20 100
1122 924 1166 792 192 87 53 6 33 2 12 3 2 2 12 0 42 84
1026 924 348 408 192 87 53 7 33 2 12 3 2 2 3 6 0 42 101
1090 924 3008 664 192 87 53 8 33 2 12 3 2 2 3 4 2 64 21 85
1154 924 419 920 192 87 53 7 33 2 12 3 2 2 3 14 0 42 101
1062 924 2301 552 192 87 53 9 33 2 8 3 2 3 4 32 3 8 2 43 117
1126 924 2552 808 192 87 53 8 33 2 8 3 2 3 4 2 12 64 43 102
1078 924 204 616 192 87 53 7 33 2 8 3 2 3 8 2 64 22 68
1094 924 701 680 192 87 53 9 33 2 8 3 2 3 4 33 2 10 2 43 117
1158 924 701 936 192 87 53 8 33 2 8 3 2 3 4 3 14 64 43 102
982 924 1059 232 192 87 53 7 33 2 8 3 2 3 8 0 64 23 52
938 924 701 56 192 87 53 8 33 2 12 3 2 3 4 2 0 0 22 84
1002 924 479 312 192 87 53 6 33 2 12 3 2 3 4 0 43 68
1066 924 859 568 192 87 53 9 33 2 12 3 2 3 4 2 3 2 0 22 101
1130 924 792 824 192 87 53 6 33 2 12 3 2 3 12 0 43 68
1071 924 1298 588 192 87 53 8 3 64 16 3 2 2 2 3 2 0 20 101
975 924 2413 204 192 87 53 7 3 64 16 3 2 2 3 0 0 21 68
915 859 2552 226 0 86 101 5 4 32 3 2 13 0 128 27 68
999 859 2356 562 0 86 101 5 4 2 9 32 2 8 2 37 100
1063 859 37 818 0 86 101 4 4 2 9 2 12 192 37 86
903 859 683 178 0 86 101 4 4 2 9 2 2 192 37 86
1031 859 1226 690 0 86 101 4 4 2 9 2 10 192 37 86
1095 859 1377 946 0 86 101 4 4 2 9 2 14 192 37 86
956 859 894 390 0 86 101 4 8 4 2 3 6 0 36 100
1020 859 419 646 0 86 101 6 8 4 2 3 4 3 2 0 25 100
1084 859 0 902 0 86 101 4 8 4 2 3 14 0 36 100
908 859 3023 198 0 86 101 5 8 8 2 3 2 0 0 25 84
1036 859 1298 710 0 86 101 6 8 8 2 3 2 3 2 0 25 101
868 859 1450 38 0 86 101 6 8 4 3 2 4 2 0 0 26 100
932 859 1376 294 0 86 101 4 8 4 3 2 4 0 37 84
996 859 419 550 0 86 101 6 8 4 3 2 4 3 2 0 26 100
1060 859 0 806 0 86 101 4 8 4 3 2 12 0 37 84
884 859 2905 102 0 86 101 5 8 8 3 2 2 0 0 26 84
900 859 1377 166 0 86 101 6 8 4 3 2 3 4 0 64 27 85
964 859 1535 422 0 86 101 5 8 4 3 2 3 6 0 37 101
1028 859 4 678 0 86 101 6 8 4 3 2 3 4 2 64 27 85
1092 859 419 934 0 86 101 5 8 4 3 2 3 14 0 37 101
916 859 1644 230 0 86 101 5 8 8 3 2 3 0 0 27 68
1037 859 204 714 0 86 101 5 4 33 2 12 3 2 64 29 68
917 859 1059 234 0 86 101 5 4 33 2 13 2 0 64 31 52
873 859 792 58 0 86 101 5 4 3 8 33 2 0 2 39 84
937 859 816 314 0 86 101 4 4 3 8 3 4 192 39 70
1001 859 0 570 0 86 101 5 4 3 8 33 2 8 2 39 84
1065 859 274 826 0 86 101 4 4 3 8 3 12 192 39 70
926 859 792 270 0 86 101 4 8 5 2 2 4 0 38 84
990 859 419 526 0 86 101 6 8 5 2 2 4 3 2 0 28 100
1054 859 620 782 0 86 101 4 8 5 2 2 12 0 38 84
1006 859 60 590 0 86 101 6 8 9 2 2 2 3 2 0 28 101
894 859 1377 142 0 86 101 6 8 5 2 2 3 4 0 64 29 85
958 859 348 398 0 86 101 5 8 5 2 2 3 6 0 38 101
1022 859 3008 654 0 86 101 6 8 5 2 2 3 4 2 64 29 85
1086 859 419 910 0 86 101 5 8 5 2 2 3 14 0 38 101
910 859 2552 206 0 86 101 5 8 9 2 2 3 0 0 29 68
2689 2552 2301 548 0 93 68 7 8 2 2 3 4 32 3 8 2 41 117
2753 2552 2552 804 0 93 68 6 8 2 2 3 4 2 12 64 41 102
2683 2552 2596 524 0 93 68 7 8 2 3 4 2 4 3 2 0 20 100
2747 2552 1166 780 0 93 68 5 8 2 3 4 2 12 0 42 84
646 419 0 910 0 86 100 5 8 3 2 4 3 14 0 38 100
470 419 1332 206 0 86 100 6 8 3 2 8 3 2 0 0 29 84
598 419 1298 718 0 86 100 7 8 3 2 8 3 2 3 2 0 29 101
622 419 2552 814 0 86 100 6 8 3 2 3 4 2 12 64 39 102
478 419 1059 238 0 86 100 5 8 3 2 3 8 0 64 31 52
847 620 0 3634 2 99 117 5 12 3 4 2 3 14 0 42 100
799 620 1298 2866 2 99 117 7 12 3 8 2 3 2 3 2 0 21 101
759 620 419 2226 2 99 117 7 12 3 4 3 2 4 3 2 0 22 100
823 620 0 3250 2 99 117 5 12 3 4 3 2 12 0 43 84
775 620 859 2482 2 99 117 7 12 3 8 3 2 2 3 2 0 22 101
679 620 1644 946 2 99 117 6 12 3 8 3 2 3 0 0 23 68
934 792 419 2272 2 103 84 8 8 2 3 8 3 2 4 3 2 0 22 100
998 792 0 3296 2 103 84 6 8 2 3 8 3 2 12 0 35 84
838 792 1377 736 2 103 84 8 8 2 3 8 3 2 3 4 0 64 23 85
966 792 4 2784 2 103 84 8 8 2 3 8 3 2 3 4 2 64 23 85
1030 792 419 3808 2 103 84 7 8 2 3 8 3 2 3 14 0 35 101
931 792 2301 2224 2 103 84 8 12 2 3 2 3 4 32 3 8 2 35 117
995 792 2552 3248 2 103 84 7 12 2 3 2 3 4 2 12 64 35 102
819 792 2413 432 2 103 84 6 12 2 3 2 3 8 0 64 22 68
947 792 204 2480 2 103 84 6 12 2 3 2 3 8 2 64 22 68
835 792 620 688 2 103 84 8 12 2 3 2 3 4 33 2 2 2 35 117
963 792 701 2736 2 103 84 8 12 2 3 2 3 4 33 2 10 2 35 117
1027 792 701 3760 2 103 84 7 12 2 3 2 3 4 3 14 64 35 102
851 792 1059 944 2 103 84 6 12 2 3 2 3 8 0 64 23 52
97 0 894 1560 2 103 84 6 12 3 2 2 4 3 6 0 36 100
161 0 419 2584 2 103 84 8 12 3 2 2 4 3 4 3 2 0 25 100
225 0 0 3608 2 103 84 6 12 3 2 2 4 3 14 0 36 100
49 0 3023 792 2 103 84 7 12 3 2 2 8 3 2 0 0 25 84
177 0 1298 2840 2 103 84 8 12 3 2 2 8 3 2 3 2 0 25 101
25 0 1836 408 2 103 84 6 12 3 2 2 3 8 0 64 26 68
41 0 204 664 2 103 84 8 12 3 2 2 3 4 33 2 2 2 37 117
105 0 11 1688 2 103 84 7 12 3 2 2 3 4 3 6 64 37 102
169 0 701 2712 2 103 84 8 12 3 2 2 3 4 33 2 10 2 37 117
233 0 701 3736 2 103 84 7 12 3 2 2 3 4 3 14 64 37 102
57 0 1059 920 2 103 84 6 12 3 2 2 3 8 0 64 27 52
226 0 558 3624 2 103 84 8 8 3 2 3 4 32 3 2 56 2 59 134
50 0 2807 808 2 103 84 7 8 3 2 3 4 2 9 0 192 29 69
178 0 2952 2856 2 103 84 7 8 3 2 3 4 2 9 2 192 29 69
38 0 1332 616 2 103 84 8 8 3 2 3 8 4 3 2 0 0 29 84
102 0 2120 1640 2 103 84 5 8 3 2 3 8 6 64 38 68
166 0 1298 2664 2 103 84 9 8 3 2 3 8 4 3 2 3 2 0 29 101
230 0 1933 3688 2 103 84 5 8 3 2 3 8 14 64 38 68
234 0 620 3752 2 103 84 7 8 3 2 3 4 33 2 58 2 59 117
58 0 924 936 2 103 84 7 8 3 2 3 4 3 8 0 192 31 53
14 0 701 232 2 103 84 8 8 3 2 3 8 5 2 2 0 0 30 84
78 0 1226 1256 2 103 84 5 8 3 2 3 8 4 64 39 52
142 0 859 2280 2 103 84 9 8 3 2 3 8 5 2 2 3 2 0 30 101
206 0 489 3304 2 103 84 5 8 3 2 3 8 12 64 39 52
67 0 792 1080 2 103 84 6 12 3 2 3 4 2 4 0 38 84
131 0 419 2104 2 103 84 8 12 3 2 3 4 2 4 3 2 0 28 100
195 0 620 3128 2 103 84 6 12 3 2 3 4 2 12 0 38 84
19 0 419 312 2 103 84 7 12 3 2 3 8 2 2 0 0 28 84
35 0 1377 568 2 103 84 8 12 3 2 3 4 2 3 4 0 64 29 85
99 0 348 1592 2 103 84 7 12 3 2 3 4 2 3 6 0 38 101
163 0 3008 2616 2 103 84 8 12 3 2 3 4 2 3 4 2 64 29 85
227 0 419 3640 2 103 84 7 12 3 2 3 4 2 3 14 0 38 101
51 0 2552 824 2 103 84 7 12 3 2 3 8 2 3 0 0 29 68
1583 1377 2301 824 64 93 85 4 32 3 2 13 12 128 43 68
1604 1377 109 908 64 93 85 4 2 9 32 2 56 2 53 100
1556 1377 1657 716 64 93 85 4 2 9 2 2 44 192 53 103
1580 1377 546 812 64 93 85 4 2 9 2 3 50 192 53 103
1420 1377 1535 172 64 93 85 6 2 9 2 65 4 3 2 2 43 100
1612 1377 3023 940 64 93 85 4 2 9 2 3 58 192 53 103
1436 1377 1450 236 64 93 85 4 2 9 2 65 14 2052 53 100
2397 2301 894 1548 0 109 68 7 8 2 3 4 2 4 3 6 0 36 100
2461 2301 419 2572 0 109 68 9 8 2 3 4 2 4 3 4 3 2 0 25 100
2525 2301 0 3596 0 109 68 7 8 2 3 4 2 4 3 14 0 36 100
2349 2301 3023 780 0 109 68 8 8 2 3 4 2 8 3 2 0 0 25 84
2477 2301 1298 2828 0 109 68 9 8 2 3 4 2 8 3 2 3 2 0 25 101
56 0 1332 910 0 102 100 8 8 3 2 4 3 8 3 2 0 0 27 84
184 0 1298 2958 0 102 100 9 8 3 2 4 3 8 3 2 3 2 0 27 101
140 0 419 2254 0 102 100 8 8 3 2 8 3 2 4 3 2 0 26 100
204 0 0 3278 0 102 100 6 8 3 2 8 3 2 12 0 45 84
44 0 1377 718 0 102 100 8 8 3 2 8 3 2 3 4 0 64 27 85
108 0 1535 1742 0 102 100 7 8 3 2 8 3 2 3 6 0 45 101
172 0 4 2766 0 102 100 8 8 3 2 8 3 2 3 4 2 64 27 85
236 0 419 3790 0 102 100 7 8 3 2 8 3 2 3 14 0 45 101
50 0 2807 814 0 102 100 7 8 3 2 3 4 2 9 0 192 29 69
178 0 2952 2862 0 102 100 7 8 3 2 3 4 2 9 2 192 29 69
14 0 701 238 0 102 100 8 8 3 2 3 8 5 2 2 0 0 30 84
78 0 1226 1262 0 102 100 5 8 3 2 3 8 4 64 47 52
142 0 859 2286 0 102 100 9 8 3 2 3 8 5 2 2 3 2 0 30 101
206 0 489 3310 0 102 100 5 8 3 2 3 8 12 64 47 52
739 683 1332 3634 2 115 117 8 12 3 4 2 3 8 3 2 0 0 27 84
867 683 1298 11826 2 115 117 9 12 3 4 2 3 8 3 2 3 2 0 27 101
727 683 1377 2866 2 115 117 8 12 3 8 2 3 2 3 4 0 64 27 85
791 683 1535 6962 2 115 117 7 12 3 8 2 3 2 3 6 0 37 101
855 683 4 11058 2 115 117 8 12 3 8 2 3 2 3 4 2 64 27 85
919 683 419 15154 2 115 117 7 12 3 8 2 3 2 3 14 0 37 101
909 683 0 14514 2 115 117 7 12 3 4 3 2 4 3 14 0 38 100
733 683 1332 3250 2 115 117 8 12 3 4 3 2 8 3 2 0 0 29 84
861 683 1298 11442 2 115 117 9 12 3 4 3 2 8 3 2 3 2 0 29 101
721 683 1377 2482 2 115 117 8 12 3 8 3 2 2 3 4 0 64 29 85
785 683 348 6578 2 115 117 7 12 3 8 3 2 2 3 6 0 38 101
849 683 3008 10674 2 115 117 8 12 3 8 3 2 2 3 4 2 64 29 85
913 683 419 14770 2 115 117 7 12 3 8 3 2 2 3 14 0 38 101
697 683 701 946 2 115 117 8 12 3 8 3 2 3 4 2 0 0 30 84
761 683 479 5042 2 115 117 6 12 3 8 3 2 3 4 0 39 68
825 683 859 9138 2 115 117 9 12 3 8 3 2 3 4 2 3 2 0 30 101
889 683 792 13234 2 115 117 6 12 3 8 3 2 3 12 0 39 68
2454 2356 258 6320 2 119 84 9 12 2 3 2 3 4 32 3 2 24 2 51 134
2582 2356 558 14512 2 119 84 9 12 2 3 2 3 4 32 3 2 56 2 51 134
2406 2356 2807 3248 2 119 84 8 12 2 3 2 3 4 2 9 0 192 29 69
2534 2356 2952 11440 2 119 84 8 12 2 3 2 3 4 2 9 2 192 29 69
2490 2356 419 8624 2 119 84 9 12 2 3 2 3 8 4 2 3 2 0 28 100
2554 2356 2531 12720 2 119 84 6 12 2 3 2 3 8 12 64 38 68
2394 2356 1332 2480 2 119 84 9 12 2 3 2 3 8 4 3 2 0 0 29 84
2458 2356 2120 6576 2 119 84 6 12 2 3 2 3 8 6 64 38 68
2522 2356 1298 10672 2 119 84 10 12 2 3 2 3 8 4 3 2 3 2 0 29 101
2586 2356 1933 14768 2 119 84 6 12 2 3 2 3 8 14 64 38 68
2558 2356 683 12976 2 119 84 8 12 2 3 2 3 4 33 2 50 2 51 117
2590 2356 620 15024 2 119 84 8 12 2 3 2 3 4 33 2 58 2 51 117
2414 2356 924 3760 2 119 84 8 12 2 3 2 3 4 3 8 0 192 31 53
2370 2356 701 944 2 119 84 9 12 2 3 2 3 8 5 2 2 0 0 30 84
2434 2356 1226 5040 2 119 84 6 12 2 3 2 3 8 4 64 39 52
2498 2356 859 9136 2 119 84 10 12 2 3 2 3 8 5 2 2 3 2 0 30 101
2562 2356 489 13232 2 119 84 6 12 2 3 2 3 8 12 64 39 52
2945 2793 701 9752 2 119 84 9 12 3 2 2 4 3 8 2 3 2 0 18 100
3025 2793 0 14872 2 119 84 8 12 3 2 2 4 3 4 3 14 0 41 100
2849 2793 1332 3608 2 119 84 9 12 3 2 2 4 3 8 3 2 0 0 19 84
2977 2793 1298 11800 2 119 84 10 12 3 2 2 4 3 8 3 2 3 2 0 19 101
2933 2793 701 8984 2 119 84 9 12 3 2 2 8 3 2 4 3 2 0 18 100
2997 2793 0 13080 2 119 84 7 12 3 2 2 8 3 2 12 0 41 84
2837 2793 1377 2840 2 119 84 9 12 3 2 2 8 3 2 3 4 0 64 19 85
2901 2793 1535 6936 2 119 84 8 12 3 2 2 8 3 2 3 6 0 41 101
2965 2793 4 11032 2 119 84 9 12 3 2 2 8 3 2 3 4 2 64 19 85
3029 2793 419 15128 2 119 84 8 12 3 2 2 8 3 2 3 14 0 41 101
2927 2793 2596 8600 2 119 84 9 12 3 2 2 3 8 4 2 3 2 0 20 100
2991 2793 2531 12696 2 119 84 6 12 3 2 2 3 8 12 64 42 68
2995 2793 1933 12952 2 119 84 8 12 3 2 2 3 4 33 2 50 2 53 117
2819 2793 37 1688 2 119 84 8 12 3 2 2 3 4 3 8 0 192 22 69
2947 2793 2952 9880 2 119 84 8 12 3 2 2 3 4 3 8 2 192 22 69
3027 2793 620 15000 2 119 84 8 12 3 2 2 3 4 33 2 58 2 53 117
2851 2793 924 3736 2 119 84 8 12 3 2 2 3 4 3 8 0 192 23 53
2807 2793 701 920 2 119 84 9 12 3 2 2 3 8 5 2 2 0 0 22 84
2871 2793 1226 5016 2 119 84 6 12 3 2 2 3 8 4 64 43 52
2935 2793 859 9112 2 119 84 10 12 3 2 2 3 8 5 2 2 3 2 0 22 101
2999 2793 489 13208 2 119 84 6 12 3 2 2 3 8 12 64 43 52
2608 2552 1332 908 64 109 102 7 9 32 2 13 2 3 2 0 0 27 84
2736 2552 1298 2956 64 109 102 8 9 32 2 13 2 3 2 3 2 0 27 101
2596 2552 330 716 64 109 102 4 9 2 2 9 2 448 37 70
2788 2552 2807 3788 64 109 102 4 9 2 2 9 14 448 37 70
2730 2552 42 2860 64 109 102 4 9 2 3 4 44 448 59 87
2754 2552 2970 3244 64 109 102 5 9 2 65 4 3 50 2 59 100
2610 2552 652 940 64 109 102 4 9 2 3 4 14 448 59 87
2566 2552 701 236 64 109 102 7 9 2 65 12 3 2 2 0 0 30 84
2630 2552 2734 1260 64 109 102 3 9 2 65 78 2052 69 100
2694 2552 859 2284 64 109 102 8 9 2 65 12 3 2 2 3 2 0 30 101
2758 2552 330 3308 64 109 102 3 9 2 65 206 2052 69 100
1374 1298 249 306 0 83 101 4 4 2 9 2 4 192 45 86
1438 1298 2356 562 0 83 101 5 4 2 9 32 2 8 2 45 100
1502 1298 37 818 0 83 101 4 4 2 9 2 12 192 45 86
1342 1298 683 178 0 83 101 4 4 2 9 2 2 192 45 86
1470 1298 1226 690 0 83 101 4 4 2 9 2 10 192 45 86
1534 1298 1377 946 0 83 101 4 4 2 9 2 14 192 45 86
1312 1298 792 58 0 83 101 5 4 3 8 33 2 0 2 47 84
1376 1298 816 314 0 83 101 4 4 3 8 3 4 192 47 70
1440 1298 0 570 0 83 101 5 4 3 8 33 2 8 2 47 84
1504 1298 274 826 0 83 101 4 4 3 8 3 12 192 47 70
1429 1298 419 526 0 83 101 6 8 5 2 2 4 3 2 0 28 100
1493 1298 620 782 0 83 101 4 8 5 2 2 12 0 46 84
1445 1298 60 590 0 83 101 6 8 9 2 2 2 3 2 0 28 101
1333 1298 1377 142 0 83 101 6 8 5 2 2 3 4 0 64 29 85
1397 1298 348 398 0 83 101 5 8 5 2 2 3 6 0 46 101
1461 1298 3008 654 0 83 101 6 8 5 2 2 3 4 2 64 29 85
1525 1298 419 910 0 83 101 5 8 5 2 2 3 14 0 46 101
1349 1298 2552 206 0 83 101 5 8 9 2 2 3 0 0 29 68
2565 2413 701 608 0 85 68 7 4 2 4 3 8 2 3 2 0 18 100
2645 2413 0 928 0 85 68 6 4 2 4 3 4 3 14 0 41 100
2469 2413 1332 224 0 85 68 7 4 2 4 3 8 3 2 0 0 19 84
2597 2413 1298 736 0 85 68 8 4 2 4 3 8 3 2 3 2 0 19 101
2553 2413 701 560 0 85 68 7 4 2 8 3 2 4 3 2 0 18 100
2617 2413 0 816 0 85 68 5 4 2 8 3 2 12 0 41 84
2457 2413 1377 176 0 85 68 7 4 2 8 3 2 3 4 0 64 19 85
2521 2413 1535 432 0 85 68 6 4 2 8 3 2 3 6 0 41 101
2585 2413 4 688 0 85 68 7 4 2 8 3 2 3 4 2 64 19 85
2649 2413 419 944 0 85 68 6 4 2 8 3 2 3 14 0 41 101
1474 1332 419 568 0 91 84 7 4 3 8 3 2 4 3 2 0 22 100
1538 1332 0 824 0 91 84 5 4 3 8 3 2 12 0 43 84
1378 1332 1377 184 0 91 84 7 4 3 8 3 2 3 4 0 64 23 85
1570 1332 419 952 0 91 84 6 4 3 8 3 2 3 14 0 43 101
1559 1332 0 908 0 91 84 5 8 3 2 4 3 14 0 42 100
1383 1332 1332 204 0 91 84 6 8 3 2 8 3 2 0 0 21 84
1511 1332 1298 716 0 91 84 7 8 3 2 8 3 2 3 2 0 21 101
1471 1332 2301 556 0 91 84 7 8 3 2 3 4 32 3 8 2 43 117
1535 1332 2552 812 0 91 84 6 8 3 2 3 4 2 12 64 43 102
1487 1332 204 620 0 91 84 5 8 3 2 3 8 2 64 22 68
1503 1332 701 684 0 91 84 7 8 3 2 3 4 33 2 10 2 43 117
1567 1332 701 940 0 91 84 6 8 3 2 3 4 3 14 64 43 102
1391 1332 1059 236 0 91 84 5 8 3 2 3 8 0 64 23 52
260 204 1332 226 64 93 68 8 4 3 2 4 3 8 3 2 0 0 27 84
388 204 1298 738 64 93 68 9 4 3 2 4 3 8 3 2 3 2 0 27 101
344 204 419 562 64 93 68 8 4 3 2 8 3 2 4 3 2 0 26 100
408 204 0 818 64 93 68 6 4 3 2 8 3 2 12 0 45 84
248 204 1377 178 64 93 68 8 4 3 2 8 3 2 3 4 0 64 27 85
312 204 1535 434 64 93 68 7 4 3 2 8 3 2 3 6 0 45 101
376 204 4 690 64 93 68 8 4 3 2 8 3 2 3 4 2 64 27 85
440 204 419 946 64 93 68 7 4 3 2 8 3 2 3 14 0 45 101
341 204 2301 550 64 93 68 8 8 3 2 2 3 4 32 3 8 2 45 117
405 204 2552 806 64 93 68 7 8 3 2 2 3 4 2 12 64 45 102
229 204 1836 102 64 93 68 6 8 3 2 2 3 8 0 64 26 68
357 204 204 614 64 93 68 6 8 3 2 2 3 8 2 64 26 68
245 204 204 166 64 93 68 8 8 3 2 2 3 4 33 2 2 2 45 117
373 204 701 678 64 93 68 8 8 3 2 2 3 4 33 2 10 2 45 117
437 204 701 934 64 93 68 7 8 3 2 2 3 4 3 14 64 45 102
261 204 1059 230 64 93 68 6 8 3 2 2 3 8 0 64 27 52
335 204 419 526 64 93 68 8 8 3 2 3 4 2 4 3 2 0 28 100
399 204 620 782 64 93 68 6 8 3 2 3 4 2 12 0 46 84
351 204 60 590 64 93 68 8 8 3 2 3 8 2 2 3 2 0 28 101
239 204 1377 142 64 93 68 8 8 3 2 3 4 2 3 4 0 64 29 85
303 204 348 398 64 93 68 7 8 3 2 3 4 2 3 6 0 46 101
367 204 3008 654 64 93 68 8 8 3 2 3 4 2 3 4 2 64 29 85
431 204 419 910 64 93 68 7 8 3 2 3 4 2 3 14 0 46 101
255 204 2552 206 64 93 68 7 8 3 2 3 8 2 3 0 0 29 68
956 859 894 390 0 90 101 4 8 4 2 3 6 0 36 100
1020 859 419 646 0 90 101 6 8 4 2 3 4 3 2 0 25 100
1084 859 0 902 0 90 101 4 8 4 2 3 14 0 36 100
908 859 3023 198 0 90 101 5 8 8 2 3 2 0 0 25 84
1036 859 1298 710 0 90 101 6 8 8 2 3 2 3 2 0 25 101
1037 859 204 714 0 90 101 5 4 33 2 12 3 2 64 29 68
1057 859 2952 794 0 90 101 4 4 3 8 2 12 192 38 86
961 859 457 410 0 90 101 4 4 3 8 2 6 192 38 86
917 859 1059 234 0 90 101 5 4 33 2 13 2 0 64 31 52
873 859 792 58 0 90 101 5 4 3 8 33 2 0 2 39 84
937 859 816 314 0 90 101 4 4 3 8 3 4 192 39 70
1001 859 0 570 0 90 101 5 4 3 8 33 2 8 2 39 84
1065 859 274 826 0 90 101 4 4 3 8 3 12 192 39 70
926 859 792 270 0 90 101 4 8 5 2 2 4 0 38 84
990 859 419 526 0 90 101 6 8 5 2 2 4 3 2 0 28 100
1054 859 620 782 0 90 101 4 8 5 2 2 12 0 38 84
1006 859 60 590 0 90 101 6 8 9 2 2 2 3 2 0 28 101
894 859 1377 142 0 90 101 6 8 5 2 2 3 4 0 64 29 85
958 859 348 398 0 90 101 5 8 5 2 2 3 6 0 38 101
1022 859 3008 654 0 90 101 6 8 5 2 2 3 4 2 64 29 85
1086 859 419 910 0 90 101 5 8 5 2 2 3 14 0 38 101
910 859 2552 206 0 90 101 5 8 9 2 2 3 0 0 29 68
2949 2807 419 568 192 85 69 8 32 2 13 2 3 2 4 3 2 0 22 100
3013 2807 0 824 192 85 69 6 32 2 13 2 3 2 12 0 43 84
2853 2807 1377 184 192 85 69 8 32 2 13 2 3 2 3 4 0 64 23 85
3045 2807 419 952 192 85 69 7 32 2 13 2 3 2 3 14 0 43 101
3010 2807 685 812 192 85 69 4 2 2 9 2 50 448 53 87
2866 2807 2014 236 192 85 69 6 2 2 9 64 3 2 14 4 53 117
2996 2952 1535 178 192 85 69 7 2 3 4 96 9 2 3 2 2 45 100
3124 2952 0 690 192 85 69 7 2 3 4 96 9 2 3 10 2 45 100
3188 2952 1836 946 192 85 69 4 2 3 4 2 236 448 75 104
3002 2952 1332 202 192 85 69 8 2 65 4 3 12 2 3 2 0 0 29 84
2966 2952 18 58 192 85 69 4 2 3 4 3 14 448 75 104
3030 2952 48 314 192 85 69 4 2 3 4 3 78 448 75 104
3158 2952 965 826 192 85 69 4 2 3 4 3 206 448 75 104
3083 2952 419 526 192 85 69 8 2 65 12 3 2 2 4 3 2 0 28 100
3147 2952 620 782 192 85 69 6 2 65 12 3 2 2 12 0 46 84
3099 2952 60 590 192 85 69 8 2 65 16 3 2 2 2 3 2 0 28 101
2987 2952 1377 142 192 85 69 8 2 65 12 3 2 2 3 4 0 64 29 85
3051 2952 348 398 192 85 69 7 2 65 12 3 2 2 3 6 0 46 101
3115 2952 3008 654 192 85 69 8 2 65 12 3 2 2 3 4 2 64 29 85
3179 2952 419 910 192 85 69 7 2 65 12 3 2 2 3 14 0 46 101
3003 2952 2552 206 192 85 69 7 2 65 16 3 2 2 3 0 0 29 68
56 0 1332 908 0 99 84 8 8 3 2 4 3 8 3 2 0 0 27 84
184 0 1298 2956 0 99 84 9 8 3 2 4 3 8 3 2 3 2 0 27 101
12 0 1450 204 0 99 84 8 8 3 2 8 3 2 4 2 0 0 26 100
76 0 1376 1228 0 99 84 6 8 3 2 8 3 2 4 0 37 84
140 0 419 2252 0 99 84 8 8 3 2 8 3 2 4 3 2 0 26 100
204 0 0 3276 0 99 84 6 8 3 2 8 3 2 12 0 37 84
44 0 1377 716 0 99 84 8 8 3 2 8 3 2 3 4 0 64 27 85
108 0 1535 1740 0 99 84 7 8 3 2 8 3 2 3 6 0 37 101
172 0 4 2764 0 99 84 8 8 3 2 8 3 2 3 4 2 64 27 85
236 0 419 3788 0 99 84 7 8 3 2 8 3 2 3 14 0 37 101
226 0 558 3628 0 99 84 8 8 3 2 3 4 32 3 2 56 2 59 134
50 0 2807 812 0 99 84 7 8 3 2 3 4 2 9 0 192 29 69
178 0 2952 2860 0 99 84 7 8 3 2 3 4 2 9 2 192 29 69
38 0 1332 620 0 99 84 8 8 3 2 3 8 4 3 2 0 0 29 84
102 0 2120 1644 0 99 84 5 8 3 2 3 8 6 64 38 68
166 0 1298 2668 0 99 84 9 8 3 2 3 8 4 3 2 3 2 0 29 101
230 0 1933 3692 0 99 84 5 8 3 2 3 8 14 64 38 68
234 0 620 3756 0 99 84 7 8 3 2 3 4 33 2 58 2 59 117
58 0 924 940 0 99 84 7 8 3 2 3 4 3 8 0 192 31 53
14 0 701 236 0 99 84 8 8 3 2 3 8 5 2 2 0 0 30 84
78 0 1226 1260 0 99 84 5 8 3 2 3 8 4 64 39 52
142 0 859 2284 0 99 84 9 8 3 2 3 8 5 2 2 3 2 0 30 101
206 0 489 3308 0 99 84 5 8 3 2 3 8 12 64 39 52
643 419 0 3598 0 99 101 6 8 5 2 2 4 3 14 0 44 100
595 419 1298 2830 0 99 101 8 8 5 2 2 8 3 2 3 2 0 25 101
455 419 1377 590 0 99 101 7 8 9 2 2 2 3 4 0 64 25 85
519 419 419 1614 0 99 101 6 8 9 2 2 2 3 6 0 44 101
583 419 4 2638 0 99 101 7 8 9 2 2 2 3 4 2 64 25 85
555 419 2301 2190 0 99 101 8 8 5 2 2 3 4 32 3 8 2 45 117
619 419 2552 3214 0 99 101 7 8 5 2 2 3 4 2 12 64 45 102
443 419 1836 398 0 99 101 6 8 5 2 2 3 8 0 64 26 68
571 419 204 2446 0 99 101 6 8 5 2 2 3 8 2 64 26 68
459 419 204 654 0 99 101 8 8 5 2 2 3 4 33 2 2 2 45 117
587 419 701 2702 0 99 101 8 8 5 2 2 3 4 33 2 10 2 45 117
651 419 701 3726 0 99 101 7 8 5 2 2 3 4 3 14 64 45 102
475 419 1059 910 0 99 101 6 8 5 2 2 3 8 0 64 27 52
495 419 652 1230 0 99 101 5 8 9 2 2 3 4 0 45 68
623 419 2301 3278 0 99 101 5 8 9 2 2 3 12 0 45 68
3071 2905 419 664 0 90 84 7 4 3 8 2 3 4 3 2 0 21 100
3135 2905 620 920 0 90 84 5 4 3 8 2 3 14 0 34 100
2963 2905 1332 232 0 90 84 7 4 3 4 3 8 3 2 0 0 23 84
3091 2905 1298 744 0 90 84 8 4 3 4 3 8 3 2 3 2 0 23 101
3047 2905 419 568 0 90 84 7 4 3 8 3 2 4 3 2 0 22 100
3111 2905 0 824 0 90 84 5 4 3 8 3 2 12 0 35 84
2951 2905 1377 184 0 90 84 7 4 3 8 3 2 3 4 0 64 23 85
3079 2905 4 696 0 90 84 7 4 3 8 3 2 3 4 2 64 23 85
3143 2905 419 952 0 90 84 6 4 3 8 3 2 3 14 0 35 101
3068 2905 419 652 0 90 84 7 8 3 2 4 3 4 3 2 0 21 100
3132 2905 620 908 0 90 84 5 8 3 2 4 3 14 0 34 100
2956 2905 1332 204 0 90 84 6 8 3 2 8 3 2 0 0 21 84
3084 2905 1298 716 0 90 84 7 8 3 2 8 3 2 3 2 0 21 101
3044 2905 2301 556 0 90 84 7 8 3 2 3 4 32 3 8 2 35 117
3108 2905 2552 812 0 90 84 6 8 3 2 3 4 2 12 64 35 102
2932 2905 2413 108 0 90 84 5 8 3 2 3 8 0 64 22 68
3060 2905 204 620 0 90 84 5 8 3 2 3 8 2 64 22 68
2948 2905 620 172 0 90 84 7 8 3 2 3 4 33 2 2 2 35 117
3076 2905 701 684 0 90 84 7 8 3 2 3 4 33 2 10 2 35 117
3140 2905 701 940 0 90 84 6 8 3 2 3 4 3 14 64 35 102
2964 2905 1059 236 0 90 84 5 8 3 2 3 8 0 64 23 52
56 0 1332 908 0 107 84 8 8 3 2 4 3 8 3 2 0 0 27 84
184 0 1298 2956 0 107 84 9 8 3 2 4 3 8 3 2 3 2 0 27 101
12 0 1450 204 0 107 84 8 8 3 2 8 3 2 4 2 0 0 26 100
76 0 1376 1228 0 107 84 6 8 3 2 8 3 2 4 0 37 84
140 0 419 2252 0 107 84 8 8 3 2 8 3 2 4 3 2 0 26 100
204 0 0 3276 0 107 84 6 8 3 2 8 3 2 12 0 37 84
44 0 1377 716 0 107 84 8 8 3 2 8 3 2 3 4 0 64 27 85
108 0 1535 1740 0 107 84 7 8 3 2 8 3 2 3 6 0 37 101
172 0 4 2764 0 107 84 8 8 3 2 8 3 2 3 4 2 64 27 85
236 0 419 3788 0 107 84 7 8 3 2 8 3 2 3 14 0 37 101
226 0 558 3628 0 107 84 8 8 3 2 3 4 32 3 2 56 2 59 134
50 0 2807 812 0 107 84 7 8 3 2 3 4 2 9 0 192 29 69
178 0 2952 2860 0 107 84 7 8 3 2 3 4 2 9 2 192 29 69
38 0 1332 620 0 107 84 8 8 3 2 3 8 4 3 2 0 0 29 84
102 0 2120 1644 0 107 84 5 8 3 2 3 8 6 64 38 68
166 0 1298 2668 0 107 84 9 8 3 2 3 8 4 3 2 3 2 0 29 101
230 0 1933 3692 0 107 84 5 8 3 2 3 8 14 64 38 68
234 0 620 3756 0 107 84 7 8 3 2 3 4 33 2 58 2 59 117
58 0 924 940 0 107 84 7 8 3 2 3 4 3 8 0 192 31 53
14 0 701 236 0 107 84 8 8 3 2 3 8 5 2 2 0 0 30 84
78 0 1226 1260 0 107 84 5 8 3 2 3 8 4 64 39 52
142 0 859 2284 0 107 84 9 8 3 2 3 8 5 2 2 3 2 0 30 101
206 0 489 3308 0 107 84 5 8 3 2 3 8 12 64 39 52
2157 1933 0 3598 64 109 68 8 8 3 2 3 4 2 4 3 14 0 44 100
2109 1933 1298 2830 64 109 68 10 8 3 2 3 4 2 8 3 2 3 2 0 25 101
1969 1933 1377 590 64 109 68 9 8 3 2 3 8 2 2 3 4 0 64 25 85
2033 1933 419 1614 64 109 68 8 8 3 2 3 8 2 2 3 6 0 44 101
2097 1933 4 2638 64 109 68 9 8 3 2 3 8 2 2 3 4 2 64 25 85
2069 1933 2301 2190 64 109 68 10 8 3 2 3 4 2 3 4 32 3 8 2 45 117
2133 1933 2552 3214 64 109 68 9 8 3 2 3 4 2 3 4 2 12 64 45 102
1957 1933 1836 398 64 109 68 8 8 3 2 3 4 2 3 8 0 64 26 68
2085 1933 204 2446 64 109 68 8 8 3 2 3 4 2 3 8 2 64 26 68
1973 1933 204 654 64 109 68 10 8 3 2 3 4 2 3 4 33 2 2 2 45 117
2101 1933 701 2702 64 109 68 10 8 3 2 3 4 2 3 4 33 2 10 2 45 117
2165 1933 701 3726 64 109 68 9 8 3 2 3 4 2 3 4 3 14 64 45 102
1989 1933 1059 910 64 109 68 8 8 3 2 3 4 2 3 8 0 64 27 52
2009 1933 652 1230 64 109 68 7 8 3 2 3 8 2 3 4 0 45 68
2137 1933 2301 3278 64 109 68 7 8 3 2 3 8 2 3 12 0 45 68
1607 1377 16 920 64 83 85 5 32 3 2 12 3 14 128 42 101
1583 1377 2301 824 64 83 85 4 32 3 2 13 12 128 43 68
1551 1377 204 696 64 83 85 6 32 3 2 13 4 3 2 64 23 68
1615 1377 249 952 64 83 85 4 32 3 2 13 14 128 43 68
1524 1377 965 588 64 83 85 4 2 9 2 64 36 2052 61 100
1604 1377 109 908 64 83 85 4 2 9 32 2 56 2 61 100
1556 1377 1657 716 64 83 85 4 2 9 2 2 44 192 61 103
1580 1377 546 812 64 83 85 4 2 9 2 3 50 192 61 103
1612 1377 3023 940 64 83 85 4 2 9 2 3 58 192 61 103
1436 1377 1450 236 64 83 85 4 2 9 2 65 14 2052 61 100
1591 1535 1332 902 0 105 101 7 8 4 2 3 8 3 2 0 0 19 84
1719 1535 1298 2950 0 105 101 8 8 4 2 3 8 3 2 3 2 0 19 101
1675 1535 701 2246 0 105 101 7 8 8 2 3 2 4 3 2 0 18 100
1739 1535 0 3270 0 105 101 5 8 8 2 3 2 12 0 41 84
1579 1535 1377 710 0 105 101 7 8 8 2 3 2 3 4 0 64 19 85
1643 1535 1535 1734 0 105 101 6 8 8 2 3 2 3 6 0 41 101
1707 1535 4 2758 0 105 101 7 8 8 2 3 2 3 4 2 64 19 85
1771 1535 419 3782 0 105 101 6 8 8 2 3 2 3 14 0 41 101
1761 1535 0 3622 0 105 101 6 8 4 3 2 4 3 14 0 42 100
1585 1535 1332 806 0 105 101 7 8 4 3 2 8 3 2 0 0 21 84
1713 1535 1298 2854 0 105 101 8 8 4 3 2 8 3 2 3 2 0 21 101
1669 1535 2596 2150 0 105 101 7 8 8 3 2 2 4 3 2 0 20 100
1733 1535 1166 3174 0 105 101 5 8 8 3 2 2 12 0 42 84
1673 1535 2301 2214 0 105 101 8 8 4 3 2 3 4 32 3 8 2 43 117
1737 1535 2552 3238 0 105 101 7 8 4 3 2 3 4 2 12 64 43 102
1689 1535 204 2470 0 105 101 6 8 4 3 2 3 8 2 64 22 68
1705 1535 701 2726 0 105 101 8 8 4 3 2 3 4 33 2 10 2 43 117
1769 1535 701 3750 0 105 101 7 8 4 3 2 3 4 3 14 64 43 102
1593 1535 1059 934 0 105 101 6 8 4 3 2 3 8 0 64 23 52
1549 1535 701 230 0 105 101 7 8 8 3 2 3 4 2 0 0 22 84
1613 1535 479 1254 0 105 101 5 8 8 3 2 3 4 0 43 68
1677 1535 859 2278 0 105 101 8 8 8 3 2 3 4 2 3 2 0 22 101
1741 1535 792 3302 0 105 101 5 8 8 3 2 3 12 0 43 68
500 348 701 2438 0 106 101 7 8 4 2 3 8 2 3 2 0 18 100
580 348 0 3718 0 106 101 6 8 4 2 3 4 3 14 0 41 100
404 348 1332 902 0 106 101 7 8 4 2 3 8 3 2 0 0 19 84
532 348 1298 2950 0 106 101 8 8 4 2 3 8 3 2 3 2 0 19 101
488 348 701 2246 0 106 101 7 8 8 2 3 2 4 3 2 0 18 100
552 348 0 3270 0 106 101 5 8 8 2 3 2 12 0 41 84
392 348 1377 710 0 106 101 7 8 8 2 3 2 3 4 0 64 19 85
456 348 1535 1734 0 106 101 6 8 8 2 3 2 3 6 0 41 101
520 348 4 2758 0 106 101 7 8 8 2 3 2 3 4 2 64 19 85
584 348 419 3782 0 106 101 6 8 8 2 3 2 3 14 0 41 101
563 419 419 2318 0 106 101 7 8 5 2 2 8 2 3 2 0 24 100
643 419 0 3598 0 106 101 6 8 5 2 2 4 3 14 0 44 100
595 419 1298 2830 0 106 101 8 8 5 2 2 8 3 2 3 2 0 25 101
455 419 1377 590 0 106 101 7 8 9 2 2 2 3 4 0 64 25 85
519 419 419 1614 0 106 101 6 8 9 2 2 2 3 6 0 44 101
583 419 4 2638 0 106 101 7 8 9 2 2 2 3 4 2 64 25 85
555 419 2301 2190 0 106 101 8 8 5 2 2 3 4 32 3 8 2 45 117
619 419 2552 3214 0 106 101 7 8 5 2 2 3 4 2 12 64 45 102
443 419 1836 398 0 106 101 6 8 5 2 2 3 8 0 64 26 68
571 419 204 2446 0 106 101 6 8 5 2 2 3 8 2 64 26 68
459 419 204 654 0 106 101 8 8 5 2 2 3 4 33 2 2 2 45 117
587 419 701 2702 0 106 101 8 8 5 2 2 3 4 33 2 10 2 45 117
651 419 701 3726 0 106 101 7 8 5 2 2 3 4 3 14 64 45 102
475 419 1059 910 0 106 101 6 8 5 2 2 3 8 0 64 27 52
495 419 652 1230 0 106 101 5 8 9 2 2 3 4 0 45 68
623 419 2301 3278 0 106 101 5 8 9 2 2 3 12 0 45 68
87 37 0 812 192 101 86 6 2 9 2 97 4 2 12 4 59 100
215 37 2734 2860 192 101 86 6 2 9 2 97 4 2 44 4 59 100
115 37 1750 1260 192 101 86 5 2 9 64 3 2 78 4 69 117
179 37 204 2284 192 101 86 7 2 9 64 3 2 13 2 2 64 30 68
243 37 2905 3308 192 101 86 5 2 9 64 3 2 206 4 69 117
1601 1377 0 3598 192 101 86 7 65 12 3 2 2 4 3 14 0 44 100
1553 1377 1298 2830 192 101 86 9 65 12 3 2 2 8 3 2 3 2 0 25 101
1413 1377 1377 590 192 101 86 8 65 16 3 2 2 2 3 4 0 64 25 85
1477 1377 419 1614 192 101 86 7 65 16 3 2 2 2 3 6 0 44 101
1541 1377 4 2638 192 101 86 8 65 16 3 2 2 2 3 4 2 64 25 85
1513 1377 2301 2190 192 101 86 9 65 12 3 2 2 3 4 32 3 8 2 45 117
1577 1377 2552 3214 192 101 86 8 65 12 3 2 2 3 4 2 12 64 45 102
1401 1377 1836 398 192 101 86 7 65 12 3 2 2 3 8 0 64 26 68
1529 1377 204 2446 192 101 86 7 65 12 3 2 2 3 8 2 64 26 68
1417 1377 204 654 192 101 86 9 65 12 3 2 2 3 4 33 2 2 2 45 117
1545 1377 701 2702 192 101 86 9 65 12 3 2 2 3 4 33 2 10 2 45 117
1609 1377 701 3726 192 101 86 8 65 12 3 2 2 3 4 3 14 64 45 102
1433 1377 1059 910 192 101 86 7 65 12 3 2 2 3 8 0 64 27 52
1453 1377 652 1230 192 101 86 6 65 16 3 2 2 3 4 0 45 68
1581 1377 2301 3278 192 101 86 6 65 16 3 2 2 3 12 0 45 68
1354 1298 2552 226 0 93 101 5 4 32 3 2 13 0 128 27 68
1482 1298 1167 738 0 93 101 5 4 32 3 2 13 2 128 27 68
1374 1298 249 306 0 93 101 4 4 2 9 2 4 192 45 86
1438 1298 2356 562 0 93 101 5 4 2 9 32 2 8 2 45 100
1502 1298 37 818 0 93 101 4 4 2 9 2 12 192 45 86
1342 1298 683 178 0 93 101 4 4 2 9 2 2 192 45 86
1470 1298 1226 690 0 93 101 4 4 2 9 2 10 192 45 86
1534 1298 1377 946 0 93 101 4 4 2 9 2 14 192 45 86
1435 1298 419 550 0 93 101 6 8 4 3 2 4 3 2 0 26 100
1499 1298 0 806 0 93 101 4 8 4 3 2 12 0 45 84
1323 1298 2905 102 0 93 101 5 8 8 3 2 2 0 0 26 84
1339 1298 1377 166 0 93 101 6 8 4 3 2 3 4 0 64 27 85
1403 1298 1535 422 0 93 101 5 8 4 3 2 3 6 0 45 101
1467 1298 4 678 0 93 101 6 8 4 3 2 3 4 2 64 27 85
1531 1298 419 934 0 93 101 5 8 4 3 2 3 14 0 45 101
1355 1298 1644 230 0 93 101 5 8 8 3 2 3 0 0 27 68
1356 1298 1059 234 0 93 101 5 4 33 2 13 2 0 64 31 52
1312 1298 792 58 0 93 101 5 4 3 8 33 2 0 2 47 84
1376 1298 816 314 0 93 101 4 4 3 8 3 4 192 47 70
1440 1298 0 570 0 93 101 5 4 3 8 33 2 8 2 47 84
1504 1298 274 826 0 93 101 4 4 3 8 3 12 192 47 70
1429 1298 419 526 0 93 101 6 8 5 2 2 4 3 2 0 28 100
1493 1298 620 782 0 93 101 4 8 5 2 2 12 0 46 84
1445 1298 60 590 0 93 101 6 8 9 2 2 2 3 2 0 28 101
1333 1298 1377 142 0 93 101 6 8 5 2 2 3 4 0 64 29 85
1397 1298 348 398 0 93 101 5 8 5 2 2 3 6 0 46 101
1461 1298 3008 654 0 93 101 6 8 5 2 2 3 4 2 64 29 85
1525 1298 419 910 0 93 101 5 8 5 2 2 3 14 0 46 101
1349 1298 2552 206 0 93 101 5 8 9 2 2 3 0 0 29 68
1115 1059 1332 224 64 95 52 8 5 2 2 4 3 8 3 2 0 0 19 84
1243 1059 1298 736 64 95 52 9 5 2 2 4 3 8 3 2 3 2 0 19 101
1103 1059 1377 176 64 95 52 8 5 2 2 8 3 2 3 4 0 64 19 85
1167 1059 1535 432 64 95 52 7 5 2 2 8 3 2 3 6 0 41 101
1231 1059 4 688 64 95 52 8 5 2 2 8 3 2 3 4 2 64 19 85
1295 1059 419 944 64 95 52 7 5 2 2 8 3 2 3 14 0 41 101
1196 1059 2301 548 64 95 52 8 9 2 2 2 3 4 32 3 8 2 41 117
1260 1059 2552 804 64 95 52 7 9 2 2 2 3 4 2 12 64 41 102
1212 1059 204 612 64 95 52 6 9 2 2 2 3 8 2 64 18 68
1100 1059 620 164 64 95 52 8 9 2 2 2 3 4 33 2 2 2 41 117
1228 1059 701 676 64 95 52 8 9 2 2 2 3 4 33 2 10 2 41 117
1292 1059 701 932 64 95 52 7 9 2 2 2 3 4 3 14 64 41 102
1285 1059 558 904 64 95 52 8 5 2 2 3 4 32 3 2 56 2 61 134
1109 1059 2807 200 64 95 52 7 5 2 2 3 4 2 9 0 192 21 69
1237 1059 2952 712 64 95 52 7 5 2 2 3 4 2 9 2 192 21 69
1193 1059 2596 536 64 95 52 8 5 2 2 3 8 4 2 3 2 0 20 100
1257 1059 2531 792 64 95 52 5 5 2 2 3 8 12 64 42 68
1097 1059 1332 152 64 95 52 8 5 2 2 3 8 4 3 2 0 0 21 84
1161 1059 2120 408 64 95 52 5 5 2 2 3 8 6 64 42 68
1225 1059 1298 664 64 95 52 9 5 2 2 3 8 4 3 2 3 2 0 21 101
1289 1059 1933 920 64 95 52 5 5 2 2 3 8 14 64 42 68
1261 1059 1933 808 64 95 52 7 5 2 2 3 4 33 2 50 2 61 117
1293 1059 620 936 64 95 52 7 5 2 2 3 4 33 2 58 2 61 117
1117 1059 924 232 64 95 52 7 5 2 2 3 4 3 8 0 192 23 53
1073 1059 701 56 64 95 52 8 5 2 2 3 8 5 2 2 0 0 22 84
1137 1059 1226 312 64 95 52 5 5 2 2 3 8 4 64 43 52
1201 1059 859 568 64 95 52 9 5 2 2 3 8 5 2 2 3 2 0 22 101
1265 1059 489 824 64 95 52 5 5 2 2 3 8 12 64 43 52
1206 1059 1298 588 64 95 52 8 9 2 2 3 8 2 2 3 2 0 20 101
1110 1059 2413 204 64 95 52 7 9 2 2 3 8 2 3 0 0 21 68
2829 2596 0 934 0 84 100 5 8 2 3 4 3 14 0 37 100
2781 2596 1298 742 0 84 100 7 8 2 3 8 3 2 3 2 0 27 101
2738 2596 419 570 0 84 100 7 4 3 8 3 2 4 3 2 0 30 100
2802 2596 0 826 0 84 100 5 4 3 8 3 2 12 0 39 84
2834 2596 419 954 0 84 100 6 4 3 8 3 2 3 14 0 39 101
2823 2596 0 910 0 84 100 5 8 3 2 4 3 14 0 38 100
2647 2596 1332 206 0 84 100 6 8 3 2 8 3 2 0 0 29 84
2775 2596 1298 718 0 84 100 7 8 3 2 8 3 2 3 2 0 29 101
2799 2596 2552 814 0 84 100 6 8 3 2 3 4 2 12 64 39 102
2831 2596 701 942 0 84 100 6 8 3 2 3 4 3 14 64 39 102
2655 2596 1059 238 0 84 100 5 8 3 2 3 8 0 64 31 52
1398 1166 0 3724 0 106 84 7 8 3 2 4 3 4 3 14 0 37 100
1350 1166 1298 2956 0 106 84 9 8 3 2 4 3 8 3 2 3 2 0 27 101
1178 1166 1450 204 0 106 84 8 8 3 2 8 3 2 4 2 0 0 26 100
1242 1166 1376 1228 0 106 84 6 8 3 2 8 3 2 4 0 37 84
1306 1166 419 2252 0 106 84 8 8 3 2 8 3 2 4 3 2 0 26 100
1370 1166 0 3276 0 106 84 6 8 3 2 8 3 2 12 0 37 84
1210 1166 1377 716 0 106 84 8 8 3 2 8 3 2 3 4 0 64 27 85
1274 1166 1535 1740 0 106 84 7 8 3 2 8 3 2 3 6 0 37 101
1338 1166 4 2764 0 106 84 8 8 3 2 8 3 2 3 4 2 64 27 85
1402 1166 419 3788 0 106 84 7 8 3 2 8 3 2 3 14 0 37 101
1264 1166 258 1580 0 106 84 8 8 3 2 3 4 32 3 2 24 2 51 134
1392 1166 558 3628 0 106 84 8 8 3 2 3 4 32 3 2 56 2 51 134
1216 1166 2807 812 0 106 84 7 8 3 2 3 4 2 9 0 192 29 69
1344 1166 2952 2860 0 106 84 7 8 3 2 3 4 2 9 2 192 29 69
1300 1166 419 2156 0 106 84 8 8 3 2 3 8 4 2 3 2 0 28 100
1364 1166 2531 3180 0 106 84 5 8 3 2 3 8 12 64 38 68
1204 1166 1332 620 0 106 84 8 8 3 2 3 8 4 3 2 0 0 29 84
1268 1166 2120 1644 0 106 84 5 8 3 2 3 8 6 64 38 68
1332 1166 1298 2668 0 106 84 9 8 3 2 3 8 4 3 2 3 2 0 29 101
1396 1166 1933 3692 0 106 84 5 8 3 2 3 8 14 64 38 68
1368 1166 683 3244 0 106 84 7 8 3 2 3 4 33 2 50 2 51 117
1400 1166 620 3756 0 106 84 7 8 3 2 3 4 33 2 58 2 51 117
1224 1166 924 940 0 106 84 7 8 3 2 3 4 3 8 0 192 31 53
1180 1166 701 236 0 106 84 8 8 3 2 3 8 5 2 2 0 0 30 84
1244 1166 1226 1260 0 106 84 5 8 3 2 3 8 4 64 39 52
1308 1166 859 2284 0 106 84 9 8 3 2 3 8 5 2 2 3 2 0 30 101
1372 1166 489 3308 0 106 84 5 8 3 2 3 8 12 64 39 52
1700 1644 1332 224 0 87 68 7 4 2 4 3 8 3 2 0 0 19 84
1828 1644 1298 736 0 87 68 8 4 2 4 3 8 3 2 3 2 0 19 101
1688 1644 1377 176 0 87 68 7 4 2 8 3 2 3 4 0 64 19 85
1752 1644 1535 432 0 87 68 6 4 2 8 3 2 3 6 0 41 101
1816 1644 4 688 0 87 68 7 4 2 8 3 2 3 4 2 64 19 85
1880 1644 419 944 0 87 68 6 4 2 8 3 2 3 14 0 41 101
1781 1644 2301 548 0 87 68 7 8 2 2 3 4 32 3 8 2 41 117
1845 1644 2552 804 0 87 68 6 8 2 2 3 4 2 12 64 41 102
1797 1644 204 612 0 87 68 5 8 2 2 3 8 2 64 18 68
1685 1644 620 164 0 87 68 7 8 2 2 3 4 33 2 2 2 41 117
1813 1644 701 676 0 87 68 7 8 2 2 3 4 33 2 10 2 41 117
1877 1644 701 932 0 87 68 6 8 2 2 3 4 3 14 64 41 102
1870 1644 558 904 0 87 68 7 4 2 3 4 32 3 2 56 2 61 134
1694 1644 2807 200 0 87 68 6 4 2 3 4 2 9 0 192 21 69
1822 1644 2952 712 0 87 68 6 4 2 3 4 2 9 2 192 21 69
1778 1644 2596 536 0 87 68 7 4 2 3 8 4 2 3 2 0 20 100
1842 1644 2531 792 0 87 68 4 4 2 3 8 12 64 42 68
1682 1644 1332 152 0 87 68 7 4 2 3 8 4 3 2 0 0 21 84
1746 1644 2120 408 0 87 68 4 4 2 3 8 6 64 42 68
1810 1644 1298 664 0 87 68 8 4 2 3 8 4 3 2 3 2 0 21 101
1874 1644 1933 920 0 87 68 4 4 2 3 8 14 64 42 68
1846 1644 1933 808 0 87 68 6 4 2 3 4 33 2 50 2 61 117
1878 1644 620 936 0 87 68 6 4 2 3 4 33 2 58 2 61 117
1702 1644 924 232 0 87 68 6 4 2 3 4 3 8 0 192 23 53
1658 1644 701 56 0 87 68 7 4 2 3 8 5 2 2 0 0 22 84
1722 1644 1226 312 0 87 68 4 4 2 3 8 4 64 43 52
1786 1644 859 568 0 87 68 8 4 2 3 8 5 2 2 3 2 0 22 101
1850 1644 489 824 0 87 68 4 4 2 3 8 12 64 43 52
1791 1644 1298 588 0 87 68 7 8 2 3 8 2 2 3 2 0 20 101
1695 1644 2413 204 0 87 68 6 8 2 3 8 2 3 0 0 21 68
758 701 1332 228 0 86 84 6 8 2 3 8 3 2 0 0 19 84
843 701 419 568 0 86 84 7 4 3 8 3 2 4 3 2 0 22 100
907 701 0 824 0 86 84 5 4 3 8 3 2 12 0 35 84
747 701 1377 184 0 86 84 7 4 3 8 3 2 3 4 0 64 23 85
875 701 4 696 0 86 84 7 4 3 8 3 2 3 4 2 64 23 85
939 701 419 952 0 86 84 6 4 3 8 3 2 3 14 0 35 101
840 701 2301 556 0 86 84 7 8 3 2 3 4 32 3 8 2 35 117
904 701 2552 812 0 86 84 6 8 3 2 3 4 2 12 64 35 102
728 701 2413 108 0 86 84 5 8 3 2 3 8 0 64 22 68
856 701 204 620 0 86 84 5 8 3 2 3 8 2 64 22 68
744 701 620 172 0 86 84 7 8 3 2 3 4 33 2 2 2 35 117
872 701 701 684 0 86 84 7 8 3 2 3 4 33 2 10 2 35 117
936 701 701 940 0 86 84 6 8 3 2 3 4 3 14 64 35 102
760 701 1059 236 0 86 84 5 8 3 2 3 8 0 64 23 52
2716 2552 419 2636 64 99 102 7 9 2 64 12 3 2 3 2 0 25 100
2780 2552 457 3660 64 99 102 3 9 2 64 228 2052 77 100
2736 2552 1298 2956 64 99 102 8 9 32 2 13 2 3 2 3 2 0 27 101
2596 2552 330 716 64 99 102 4 9 2 2 9 2 448 37 70
2724 2552 1933 2764 64 99 102 4 9 2 2 9 10 448 37 70
2788 2552 2807 3788 64 99 102 4 9 2 2 9 14 448 37 70
2602 2552 1933 812 64 99 102 4 9 2 3 4 12 448 59 87
2730 2552 42 2860 64 99 102 4 9 2 3 4 44 448 59 87
2610 2552 652 940 64 99 102 4 9 2 3 4 14 448 59 87
2566 2552 701 236 64 99 102 7 9 2 65 12 3 2 2 0 0 30 84
2630 2552 2734 1260 64 99 102 3 9 2 65 78 2052 77 100
2694 2552 859 2284 64 99 102 8 9 2 65 12 3 2 2 3 2 0 30 101
2758 2552 330 3308 64 99 102 3 9 2 65 206 2052 77 100
2555 2413 419 568 64 86 68 8 4 2 3 8 3 2 4 3 2 0 22 100
2619 2413 0 824 64 86 68 6 4 2 3 8 3 2 12 0 35 84
2459 2413 1377 184 64 86 68 8 4 2 3 8 3 2 3 4 0 64 23 85
2587 2413 4 696 64 86 68 8 4 2 3 8 3 2 3 4 2 64 23 85
2651 2413 419 952 64 86 68 7 4 2 3 8 3 2 3 14 0 35 101
2576 2413 419 652 64 86 68 8 8 2 3 2 4 3 4 3 2 0 21 100
2640 2413 620 908 64 86 68 6 8 2 3 2 4 3 14 0 34 100
2464 2413 1332 204 64 86 68 7 8 2 3 2 8 3 2 0 0 21 84
2592 2413 1298 716 64 86 68 8 8 2 3 2 8 3 2 3 2 0 21 101
2552 2413 2301 556 64 86 68 8 8 2 3 2 3 4 32 3 8 2 35 117
2616 2413 2552 812 64 86 68 7 8 2 3 2 3 4 2 12 64 35 102
2440 2413 2413 108 64 86 68 6 8 2 3 2 3 8 0 64 22 68
2568 2413 204 620 64 86 68 6 8 2 3 2 3 8 2 64 22 68
2456 2413 620 172 64 86 68 8 8 2 3 2 3 4 33 2 2 2 35 117
2584 2413 701 684 64 86 68 8 8 2 3 2 3 4 33 2 10 2 35 117
2648 2413 701 940 64 86 68 7 8 2 3 2 3 4 3 14 64 35 102
2472 2413 1059 236 64 86 68 6 8 2 3 2 3 8 0 64 23 52
2002 1836 419 664 64 90 68 8 4 2 3 8 2 3 4 3 2 0 21 100
2066 1836 620 920 64 90 68 6 4 2 3 8 2 3 14 0 34 100
1894 1836 1332 232 64 90 68 8 4 2 3 4 3 8 3 2 0 0 23 84
2022 1836 1298 744 64 90 68 9 4 2 3 4 3 8 3 2 3 2 0 23 101
1978 1836 419 568 64 90 68 8 4 2 3 8 3 2 4 3 2 0 22 100
2042 1836 0 824 64 90 68 6 4 2 3 8 3 2 12 0 35 84
1882 1836 1377 184 64 90 68 8 4 2 3 8 3 2 3 4 0 64 23 85
2010 1836 4 696 64 90 68 8 4 2 3 8 3 2 3 4 2 64 23 85
2074 1836 419 952 64 90 68 7 4 2 3 8 3 2 3 14 0 35 101
1999 1836 419 652 64 90 68 8 8 2 3 2 4 3 4 3 2 0 21 100
2063 1836 620 908 64 90 68 6 8 2 3 2 4 3 14 0 34 100
1887 1836 1332 204 64 90 68 7 8 2 3 2 8 3 2 0 0 21 84
2015 1836 1298 716 64 90 68 8 8 2 3 2 8 3 2 3 2 0 21 101
1975 1836 2301 556 64 90 68 8 8 2 3 2 3 4 32 3 8 2 35 117
2039 1836 2552 812 64 90 68 7 8 2 3 2 3 4 2 12 64 35 102
1863 1836 2413 108 64 90 68 6 8 2 3 2 3 8 0 64 22 68
1991 1836 204 620 64 90 68 6 8 2 3 2 3 8 2 64 22 68
1879 1836 620 172 64 90 68 8 8 2 3 2 3 4 33 2 2 2 35 117
2007 1836 701 684 64 90 68 8 8 2 3 2 3 4 33 2 10 2 35 117
2071 1836 701 940 64 90 68 7 8 2 3 2 3 4 3 14 64 35 102
1895 1836 1059 236 64 90 68 6 8 2 3 2 3 8 0 64 23 52
1861 1657 1707 13100 192 117 103 5 9 2 97 4 2 204 4 75 100
1701 1657 1332 2860 192 117 103 9 9 2 97 4 2 13 2 3 2 0 0 27 84
1893 1657 2596 15148 192 117 103 5 9 2 97 4 2 236 4 75 100
1804 1657 2077 9452 192 117 103 7 9 64 3 2 17 2 2 2 64 28 68
1692 1657 1332 2284 192 117 103 9 9 64 3 2 13 2 4 3 2 0 0 29 84
1756 1657 2120 6380 192 117 103 6 9 64 3 2 13 2 6 64 46 68
1820 1657 1298 10476 192 117 103 10 9 64 3 2 13 2 4 3 2 3 2 0 29 101
1884 1657 1933 14572 192 117 103 6 9 64 3 2 13 2 14 64 46 68
1708 1657 792 3308 192 117 103 7 9 64 3 2 17 2 2 0 64 29 52
1506 1450 1332 3598 2052 117 100 9 12 3 2 2 4 3 8 3 2 0 0 19 84
1634 1450 1298 11790 2052 117 100 10 12 3 2 2 4 3 8 3 2 3 2 0 19 101
1494 1450 1377 2830 2052 117 100 9 12 3 2 2 8 3 2 3 4 0 64 19 85
1558 1450 1535 6926 2052 117 100 8 12 3 2 2 8 3 2 3 6 0 41 101
1622 1450 4 11022 2052 117 100 9 12 3 2 2 8 3 2 3 4 2 64 19 85
1686 1450 419 15118 2052 117 100 8 12 3 2 2 8 3 2 3 14 0 41 101
1587 1450 2301 8782 2052 117 100 9 16 3 2 2 2 3 4 32 3 8 2 41 117
1651 1450 2552 12878 2052 117 100 8 16 3 2 2 2 3 4 2 12 64 41 102
1603 1450 204 9806 2052 117 100 7 16 3 2 2 2 3 8 2 64 18 68
1491 1450 620 2638 2052 117 100 9 16 3 2 2 2 3 4 33 2 2 2 41 117
1619 1450 701 10830 2052 117 100 9 16 3 2 2 2 3 4 33 2 10 2 41 117
1683 1450 701 14926 2052 117 100 8 16 3 2 2 2 3 4 3 14 64 41 102
1676 1450 558 14478 2052 117 100 9 12 3 2 2 3 4 32 3 2 56 2 61 134
1500 1450 2807 3214 2052 117 100 8 12 3 2 2 3 4 2 9 0 192 21 69
1628 1450 2952 11406 2052 117 100 8 12 3 2 2 3 4 2 9 2 192 21 69
1584 1450 2596 8590 2052 117 100 9 12 3 2 2 3 8 4 2 3 2 0 20 100
1648 1450 2531 12686 2052 117 100 6 12 3 2 2 3 8 12 64 42 68
1488 1450 1332 2446 2052 117 100 9 12 3 2 2 3 8 4 3 2 0 0 21 84
1552 1450 2120 6542 2052 117 100 6 12 3 2 2 3 8 6 64 42 68
1616 1450 1298 10638 2052 117 100 10 12 3 2 2 3 8 4 3 2 3 2 0 21 101
1680 1450 1933 14734 2052 117 100 6 12 3 2 2 3 8 14 64 42 68
1652 1450 1933 12942 2052 117 100 8 12 3 2 2 3 4 33 2 50 2 61 117
1684 1450 620 14990 2052 117 100 8 12 3 2 2 3 4 33 2 58 2 61 117
1508 1450 924 3726 2052 117 100 8 12 3 2 2 3 4 3 8 0 192 23 53
1464 1450 701 910 2052 117 100 9 12 3 2 2 3 8 5 2 2 0 0 22 84
1528 1450 1226 5006 2052 117 100 6 12 3 2 2 3 8 4 64 43 52
1592 1450 859 9102 2052 117 100 10 12 3 2 2 3 8 5 2 2 3 2 0 22 101
1656 1450 489 13198 2052 117 100 6 12 3 2 2 3 8 12 64 43 52
1597 1450 1298 9422 2052 117 100 9 16 3 2 2 3 8 2 2 3 2 0 20 101
1501 1450 2413 3278 2052 117 100 8 16 3 2 2 3 8 2 3 0 0 21 68
56 0 1332 910 0 100 100 8 8 3 2 4 3 8 3 2 0 0 27 84
184 0 1298 2958 0 100 100 9 8 3 2 4 3 8 3 2 3 2 0 27 101
140 0 419 2254 0 100 100 8 8 3 2 8 3 2 4 3 2 0 26 100
204 0 0 3278 0 100 100 6 8 3 2 8 3 2 12 0 45 84
44 0 1377 718 0 100 100 8 8 3 2 8 3 2 3 4 0 64 27 85
108 0 1535 1742 0 100 100 7 8 3 2 8 3 2 3 6 0 45 101
172 0 4 2766 0 100 100 8 8 3 2 8 3 2 3 4 2 64 27 85
236 0 419 3790 0 100 100 7 8 3 2 8 3 2 3 14 0 45 101
50 0 2807 814 0 100 100 7 8 3 2 3 4 2 9 0 192 29 69
178 0 2952 2862 0 100 100 7 8 3 2 3 4 2 9 2 192 29 69
58 0 924 942 0 100 100 7 8 3 2 3 4 3 8 0 192 31 53
14 0 701 238 0 100 100 8 8 3 2 3 8 5 2 2 0 0 30 84
78 0 1226 1262 0 100 100 5 8 3 2 3 8 4 64 47 52
142 0 859 2286 0 100 100 9 8 3 2 3 8 5 2 2 3 2 0 30 101
206 0 489 3310 0 100 100 5 8 3 2 3 8 12 64 47 52
643 419 0 3598 0 109 101 6 8 5 2 2 4 3 14 0 44 100
595 419 1298 2830 0 109 101 8 8 5 2 2 8 3 2 3 2 0 25 101
455 419 1377 590 0 109 101 7 8 9 2 2 2 3 4 0 64 25 85
519 419 419 1614 0 109 101 6 8 9 2 2 2 3 6 0 44 101
583 419 4 2638 0 109 101 7 8 9 2 2 2 3 4 2 64 25 85
555 419 2301 2190 0 109 101 8 8 5 2 2 3 4 32 3 8 2 45 117
619 419 2552 3214 0 109 101 7 8 5 2 2 3 4 2 12 64 45 102
443 419 1836 398 0 109 101 6 8 5 2 2 3 8 0 64 26 68
571 419 204 2446 0 109 101 6 8 5 2 2 3 8 2 64 26 68
459 419 204 654 0 109 101 8 8 5 2 2 3 4 33 2 2 2 45 117
587 419 701 2702 0 109 101 8 8 5 2 2 3 4 33 2 10 2 45 117
651 419 701 3726 0 109 101 7 8 5 2 2 3 4 3 14 64 45 102
475 419 1059 910 0 109 101 6 8 5 2 2 3 8 0 64 27 52
495 419 652 1230 0 109 101 5 8 9 2 2 3 4 0 45 68
623 419 2301 3278 0 109 101 5 8 9 2 2 3 12 0 45 68
1474 1332 419 568 0 93 84 7 4 3 8 3 2 4 3 2 0 22 100
1538 1332 0 824 0 93 84 5 4 3 8 3 2 12 0 43 84
1378 1332 1377 184 0 93 84 7 4 3 8 3 2 3 4 0 64 23 85
1570 1332 419 952 0 93 84 6 4 3 8 3 2 3 14 0 43 101
1527 1332 330 780 0 93 84 5 8 3 2 4 2 12 0 42 100
1479 1332 2596 588 0 93 84 6 8 3 2 8 2 3 2 0 20 100
1559 1332 0 908 0 93 84 5 8 3 2 4 3 14 0 42 100
1511 1332 1298 716 0 93 84 7 8 3 2 8 3 2 3 2 0 21 101
1471 1332 2301 556 0 93 84 7 8 3 2 3 4 32 3 8 2 43 117
1535 1332 2552 812 0 93 84 6 8 3 2 3 4 2 12 64 43 102
1359 1332 2413 108 0 93 84 5 8 3 2 3 8 0 64 22 68
1487 1332 204 620 0 93 84 5 8 3 2 3 8 2 64 22 68
1503 1332 701 684 0 93 84 7 8 3 2 3 4 33 2 10 2 43 117
1567 1332 701 940 0 93 84 6 8 3 2 3 4 3 14 64 43 102
1391 1332 1059 236 0 93 84 5 8 3 2 3 8 0 64 23 52
577 479 258 1572 0 103 68 8 8 2 2 3 4 32 3 2 24 2 57 134
705 479 558 3620 0 103 68 8 8 2 2 3 4 32 3 2 56 2 57 134
529 479 2807 804 0 103 68 7 8 2 2 3 4 2 9 0 192 21 69
657 479 2952 2852 0 103 68 7 8 2 2 3 4 2 9 2 192 21 69
581 479 2120 1636 0 103 68 5 8 2 2 3 8 6 64 34 68
681 479 683 3236 0 103 68 7 8 2 2 3 4 33 2 50 2 57 117
713 479 620 3748 0 103 68 7 8 2 2 3 4 33 2 58 2 57 117
537 479 924 932 0 103 68 7 8 2 2 3 4 3 8 0 192 23 53
828 792 1377 588 0 103 68 8 8 2 3 8 2 2 3 4 0 64 25 85
804 792 2905 204 0 103 68 8 8 2 3 8 2 3 4 2 0 0 26 84
718 620 258 1580 0 102 84 8 8 3 2 3 4 32 3 2 24 2 51 134
846 620 558 3628 0 102 84 8 8 3 2 3 4 32 3 2 56 2 51 134
670 620 2807 812 0 102 84 7 8 3 2 3 4 2 9 0 192 29 69
798 620 2952 2860 0 102 84 7 8 3 2 3 4 2 9 2 192 29 69
754 620 419 2156 0 102 84 8 8 3 2 3 8 4 2 3 2 0 28 100
818 620 2531 3180 0 102 84 5 8 3 2 3 8 12 64 38 68
658 620 1332 620 0 102 84 8 8 3 2 3 8 4 3 2 0 0 29 84
722 620 2120 1644 0 102 84 5 8 3 2 3 8 6 64 38 68
786 620 1298 2668 0 102 84 9 8 3 2 3 8 4 3 2 3 2 0 29 101
850 620 1933 3692 0 102 84 5 8 3 2 3 8 14 64 38 68
822 620 683 3244 0 102 84 7 8 3 2 3 4 33 2 50 2 51 117
854 620 620 3756 0 102 84 7 8 3 2 3 4 33 2 58 2 51 117
678 620 924 940 0 102 84 7 8 3 2 3 4 3 8 0 192 31 53
634 620 701 236 0 102 84 8 8 3 2 3 8 5 2 2 0 0 30 84
698 620 1226 1260 0 102 84 5 8 3 2 3 8 4 64 39 52
762 620 859 2284 0 102 84 9 8 3 2 3 8 5 2 2 3 2 0 30 101
826 620 489 3308 0 102 84 5 8 3 2 3 8 12 64 39 52
563 419 419 2318 0 102 101 7 8 5 2 2 8 2 3 2 0 24 100
643 419 0 3598 0 102 101 6 8 5 2 2 4 3 14 0 44 100
595 419 1298 2830 0 102 101 8 8 5 2 2 8 3 2 3 2 0 25 101
455 419 1377 590 0 102 101 7 8 9 2 2 2 3 4 0 64 25 85
519 419 419 1614 0 102 101 6 8 9 2 2 2 3 6 0 44 101
583 419 4 2638 0 102 101 7 8 9 2 2 2 3 4 2 64 25 85
555 419 2301 2190 0 102 101 8 8 5 2 2 3 4 32 3 8 2 45 117
619 419 2552 3214 0 102 101 7 8 5 2 2 3 4 2 12 64 45 102
443 419 1836 398 0 102 101 6 8 5 2 2 3 8 0 64 26 68
571 419 204 2446 0 102 101 6 8 5 2 2 3 8 2 64 26 68
459 419 204 654 0 102 101 8 8 5 2 2 3 4 33 2 2 2 45 117
587 419 701 2702 0 102 101 8 8 5 2 2 3 4 33 2 10 2 45 117
651 419 701 3726 0 102 101 7 8 5 2 2 3 4 3 14 64 45 102
475 419 1059 910 0 102 101 6 8 5 2 2 3 8 0 64 27 52
495 419 652 1230 0 102 101 5 8 9 2 2 3 4 0 45 68
623 419 2301 3278 0 102 101 5 8 9 2 2 3 12 0 45 68
3040 2807 0 932 192 93 69 6 2 64 12 3 2 3 14 0 41 100
2992 2807 1298 740 192 93 69 8 2 64 16 3 2 3 2 3 2 0 19 101
2853 2807 1377 184 192 93 69 8 32 2 13 2 3 2 3 4 0 64 23 85
3045 2807 419 952 192 93 69 7 32 2 13 2 3 2 3 14 0 43 101
3010 2807 685 812 192 93 69 4 2 2 9 2 50 448 53 87
3042 2807 7 940 192 93 69 4 2 2 9 2 58 448 53 87
2866 2807 2014 236 192 93 69 6 2 2 9 64 3 2 14 4 53 117
2763 2531 0 3724 64 102 68 8 8 2 3 2 4 3 4 3 14 0 37 100
2715 2531 1298 2956 64 102 68 10 8 2 3 2 4 3 8 3 2 3 2 0 27 101
2543 2531 1450 204 64 102 68 9 8 2 3 2 8 3 2 4 2 0 0 26 100
2607 2531 1376 1228 64 102 68 7 8 2 3 2 8 3 2 4 0 37 84
2671 2531 419 2252 64 102 68 9 8 2 3 2 8 3 2 4 3 2 0 26 100
2735 2531 0 3276 64 102 68 7 8 2 3 2 8 3 2 12 0 37 84
2575 2531 1377 716 64 102 68 9 8 2 3 2 8 3 2 3 4 0 64 27 85
2639 2531 1535 1740 64 102 68 8 8 2 3 2 8 3 2 3 6 0 37 101
2703 2531 4 2764 64 102 68 9 8 2 3 2 8 3 2 3 4 2 64 27 85
2767 2531 419 3788 64 102 68 8 8 2 3 2 8 3 2 3 14 0 37 101
2629 2531 258 1580 64 102 68 9 8 2 3 2 3 4 32 3 2 24 2 51 134
2757 2531 558 3628 64 102 68 9 8 2 3 2 3 4 32 3 2 56 2 51 134
2581 2531 2807 812 64 102 68 8 8 2 3 2 3 4 2 9 0 192 29 69
2709 2531 2952 2860 64 102 68 8 8 2 3 2 3 4 2 9 2 192 29 69
2665 2531 419 2156 64 102 68 9 8 2 3 2 3 8 4 2 3 2 0 28 100
2729 2531 2531 3180 64 102 68 6 8 2 3 2 3 8 12 64 38 68
2569 2531 1332 620 64 102 68 9 8 2 3 2 3 8 4 3 2 0 0 29 84
2633 2531 2120 1644 64 102 68 6 8 2 3 2 3 8 6 64 38 68
2697 2531 1298 2668 64 102 68 10 8 2 3 2 3 8 4 3 2 3 2 0 29 101
2761 2531 1933 3692 64 102 68 6 8 2 3 2 3 8 14 64 38 68
2733 2531 683 3244 64 102 68 8 8 2 3 2 3 4 33 2 50 2 51 117
2765 2531 620 3756 64 102 68 8 8 2 3 2 3 4 33 2 58 2 51 117
2589 2531 924 940 64 102 68 8 8 2 3 2 3 4 3 8 0 192 31 53
2545 2531 701 236 64 102 68 9 8 2 3 2 3 8 5 2 2 0 0 30 84
2609 2531 1226 1260 64 102 68 6 8 2 3 2 3 8 4 64 39 52
2673 2531 859 2284 64 102 68 10 8 2 3 2 3 8 5 2 2 3 2 0 30 101
2737 2531 489 3308 64 102 68 6 8 2 3 2 3 8 12 64 39 52
2763 2531 0 3724 64 106 68 8 8 2 3 2 4 3 4 3 14 0 37 100
2715 2531 1298 2956 64 106 68 10 8 2 3 2 4 3 8 3 2 3 2 0 27 101
2543 2531 1450 204 64 106 68 9 8 2 3 2 8 3 2 4 2 0 0 26 100
2607 2531 1376 1228 64 106 68 7 8 2 3 2 8 3 2 4 0 37 84
2671 2531 419 2252 64 106 68 9 8 2 3 2 8 3 2 4 3 2 0 26 100
2735 2531 0 3276 64 106 68 7 8 2 3 2 8 3 2 12 0 37 84
2575 2531 1377 716 64 106 68 9 8 2 3 2 8 3 2 3 4 0 64 27 85
2639 2531 1535 1740 64 106 68 8 8 2 3 2 8 3 2 3 6 0 37 101
2703 2531 4 2764 64 106 68 9 8 2 3 2 8 3 2 3 4 2 64 27 85
2767 2531 419 3788 64 106 68 8 8 2 3 2 8 3 2 3 14 0 37 101
2629 2531 258 1580 64 106 68 9 8 2 3 2 3 4 32 3 2 24 2 51 134
2757 2531 558 3628 64 106 68 9 8 2 3 2 3 4 32 3 2 56 2 51 134
2581 2531 2807 812 64 106 68 8 8 2 3 2 3 4 2 9 0 192 29 69
2709 2531 2952 2860 64 106 68 8 8 2 3 2 3 4 2 9 2 192 29 69
2665 2531 419 2156 64 106 68 9 8 2 3 2 3 8 4 2 3 2 0 28 100
2729 2531 2531 3180 64 106 68 6 8 2 3 2 3 8 12 64 38 68
2569 2531 1332 620 64 106 68 9 8 2 3 2 3 8 4 3 2 0 0 29 84
2633 2531 2120 1644 64 106 68 6 8 2 3 2 3 8 6 64 38 68
2697 2531 1298 2668 64 106 68 10 8 2 3 2 3 8 4 3 2 3 2 0 29 101
2761 2531 1933 3692 64 106 68 6 8 2 3 2 3 8 14 64 38 68
2733 2531 683 3244 64 106 68 8 8 2 3 2 3 4 33 2 50 2 51 117
2765 2531 620 3756 64 106 68 8 8 2 3 2 3 4 33 2 58 2 51 117
2589 2531 924 940 64 106 68 8 8 2 3 2 3 4 3 8 0 192 31 53
2545 2531 701 236 64 106 68 9 8 2 3 2 3 8 5 2 2 0 0 30 84
2609 2531 1226 1260 64 106 68 6 8 2 3 2 3 8 4 64 39 52
2673 2531 859 2284 64 106 68 10 8 2 3 2 3 8 5 2 2 3 2 0 30 101
2737 2531 489 3308 64 106 68 6 8 2 3 2 3 8 12 64 39 52
525 489 1377 588 64 107 52 9 9 2 2 3 8 2 2 3 4 0 64 25 85
501 489 2905 204 64 107 52 9 9 2 2 3 8 2 3 4 2 0 0 26 84
509 330 1298 2866 448 101 70 10 2 97 4 2 17 2 2 3 2 3 2 0 21 101
469 330 419 2226 448 101 70 10 2 97 4 2 13 2 3 2 4 3 2 0 22 100
533 330 0 3250 448 101 70 8 2 97 4 2 13 2 3 2 12 0 43 84
389 330 1644 946 448 101 70 9 2 97 4 2 17 2 3 2 3 0 0 23 68
2843 2807 3023 590 448 101 70 9 64 3 2 17 2 2 4 3 2 0 0 25 84
2907 2807 28 1614 448 101 70 6 64 3 2 17 2 2 6 64 44 68
2971 2807 1298 2638 448 101 70 10 64 3 2 17 2 2 4 3 2 3 2 0 25 101
2943 2807 419 2190 448 101 70 10 64 3 2 13 2 4 3 2 4 3 2 0 26 100
3007 2807 0 3214 448 101 70 8 64 3 2 13 2 4 3 2 12 0 45 84
2959 2807 859 2446 448 101 70 10 64 3 2 13 2 8 3 2 2 3 2 0 26 101
2847 2807 1377 654 448 101 70 10 64 3 2 13 2 4 3 2 3 4 0 64 27 85
2911 2807 1535 1678 448 101 70 9 64 3 2 13 2 4 3 2 3 6 0 45 101
2975 2807 4 2702 448 101 70 10 64 3 2 13 2 4 3 2 3 4 2 64 27 85
3039 2807 419 3726 448 101 70 9 64 3 2 13 2 4 3 2 3 14 0 45 101
2863 2807 1644 910 448 101 70 9 64 3 2 13 2 8 3 2 3 0 0 27 68
2883 2807 124 1230 448 101 70 6 64 3 2 17 2 2 4 64 45 52
3011 2807 2356 3278 448 101 70 6 64 3 2 17 2 2 12 64 45 52
2832 2734 258 25166 2052 133 100 10 16 3 2 2 2 3 4 32 3 2 24 2 57 134
2960 2734 558 57934 2052 133 100 10 16 3 2 2 2 3 4 32 3 2 56 2 57 134
2784 2734 2807 12878 2052 133 100 9 16 3 2 2 2 3 4 2 9 0 192 21 69
2912 2734 2952 45646 2052 133 100 9 16 3 2 2 2 3 4 2 9 2 192 21 69
2836 2734 2120 26190 2052 133 100 7 16 3 2 2 2 3 8 6 64 34 68
2936 2734 683 51790 2052 133 100 9 16 3 2 2 2 3 4 33 2 50 2 57 117
2968 2734 620 59982 2052 133 100 9 16 3 2 2 2 3 4 33 2 58 2 57 117
2792 2734 924 14926 2052 133 100 9 16 3 2 2 2 3 4 3 8 0 192 23 53
366 330 1377 9422 2052 133 100 10 16 3 2 2 3 8 2 2 3 4 0 64 25 85
342 330 2905 3278 2052 133 100 10 16 3 2 2 3 8 2 3 4 2 0 0 26 84
500 348 701 2438 0 110 101 7 8 4 2 3 8 2 3 2 0 18 100
580 348 0 3718 0 110 101 6 8 4 2 3 4 3 14 0 41 100
404 348 1332 902 0 110 101 7 8 4 2 3 8 3 2 0 0 19 84
532 348 1298 2950 0 110 101 8 8 4 2 3 8 3 2 3 2 0 19 101
488 348 701 2246 0 110 101 7 8 8 2 3 2 4 3 2 0 18 100
552 348 0 3270 0 110 101 5 8 8 2 3 2 12 0 41 84
392 348 1377 710 0 110 101 7 8 8 2 3 2 3 4 0 64 19 85
456 348 1535 1734 0 110 101 6 8 8 2 3 2 3 6 0 41 101
520 348 4 2758 0 110 101 7 8 8 2 3 2 3 4 2 64 19 85
584 348 419 3782 0 110 101 6 8 8 2 3 2 3 14 0 41 101
542 348 330 3110 0 110 101 6 8 4 3 2 4 2 12 0 42 100
494 348 2596 2342 0 110 101 7 8 4 3 2 8 2 3 2 0 20 100
574 348 0 3622 0 110 101 6 8 4 3 2 4 3 14 0 42 100
526 348 1298 2854 0 110 101 8 8 4 3 2 8 3 2 3 2 0 21 101
482 348 2596 2150 0 110 101 7 8 8 3 2 2 4 3 2 0 20 100
546 348 1166 3174 0 110 101 5 8 8 3 2 2 12 0 42 84
486 348 2301 2214 0 110 101 8 8 4 3 2 3 4 32 3 8 2 43 117
550 348 2552 3238 0 110 101 7 8 4 3 2 3 4 2 12 64 43 102
374 348 2413 422 0 110 101 6 8 4 3 2 3 8 0 64 22 68
502 348 204 2470 0 110 101 6 8 4 3 2 3 8 2 64 22 68
518 348 701 2726 0 110 101 8 8 4 3 2 3 4 33 2 10 2 43 117
582 348 701 3750 0 110 101 7 8 4 3 2 3 4 3 14 64 43 102
406 348 1059 934 0 110 101 6 8 4 3 2 3 8 0 64 23 52
362 348 701 230 0 110 101 7 8 8 3 2 3 4 2 0 0 22 84
426 348 479 1254 0 110 101 5 8 8 3 2 3 4 0 43 68
490 348 859 2278 0 110 101 8 8 8 3 2 3 4 2 3 2 0 22 101
554 348 792 3302 0 110 101 5 8 8 3 2 3 12 0 43 68
176 0 419 2828 0 109 84 8 8 3 2 4 2 9 2 3 2 0 25 100
100 0 894 1612 0 109 84 6 8 3 2 8 2 3 6 0 36 100
164 0 419 2636 0 109 84 8 8 3 2 8 2 3 4 3 2 0 25 100
228 0 0 3660 0 109 84 6 8 3 2 8 2 3 14 0 36 100
56 0 1332 908 0 109 84 8 8 3 2 4 3 8 3 2 0 0 27 84
184 0 1298 2956 0 109 84 9 8 3 2 4 3 8 3 2 3 2 0 27 101
44 0 1377 716 0 109 84 8 8 3 2 8 3 2 3 4 0 64 27 85
108 0 1535 1740 0 109 84 7 8 3 2 8 3 2 3 6 0 37 101
172 0 4 2764 0 109 84 8 8 3 2 8 3 2 3 4 2 64 27 85
236 0 419 3788 0 109 84 7 8 3 2 8 3 2 3 14 0 37 101
226 0 558 3628 0 109 84 8 8 3 2 3 4 32 3 2 56 2 59 134
50 0 2807 812 0 109 84 7 8 3 2 3 4 2 9 0 192 29 69
178 0 2952 2860 0 109 84 7 8 3 2 3 4 2 9 2 192 29 69
134 0 419 2156 0 109 84 8 8 3 2 3 8 4 2 3 2 0 28 100
198 0 2531 3180 0 109 84 5 8 3 2 3 8 12 64 38 68
38 0 1332 620 0 109 84 8 8 3 2 3 8 4 3 2 0 0 29 84
102 0 2120 1644 0 109 84 5 8 3 2 3 8 6 64 38 68
166 0 1298 2668 0 109 84 9 8 3 2 3 8 4 3 2 3 2 0 29 101
230 0 1933 3692 0 109 84 5 8 3 2 3 8 14 64 38 68
234 0 620 3756 0 109 84 7 8 3 2 3 4 33 2 58 2 59 117
58 0 924 940 0 109 84 7 8 3 2 3 4 3 8 0 192 31 53
14 0 701 236 0 109 84 8 8 3 2 3 8 5 2 2 0 0 30 84
78 0 1226 1260 0 109 84 5 8 3 2 3 8 4 64 39 52
142 0 859 2284 0 109 84 9 8 3 2 3 8 5 2 2 3 2 0 30 101
206 0 489 3308 0 109 84 5 8 3 2 3 8 12 64 39 52
212 60 2793 610 0 92 101 6 4 32 3 2 12 3 2 128 26 101
116 60 2552 226 0 92 101 5 4 32 3 2 13 0 128 27 68
244 60 1167 738 0 92 101 5 4 32 3 2 13 2 128 27 68
200 60 2356 562 0 92 101 5 4 2 9 32 2 8 2 37 100
264 60 37 818 0 92 101 4 4 2 9 2 12 192 37 86
104 60 683 178 0 92 101 4 4 2 9 2 2 192 37 86
232 60 1226 690 0 92 101 4 4 2 9 2 10 192 37 86
296 60 1377 946 0 92 101 4 4 2 9 2 14 192 37 86
213 60 859 614 0 92 101 6 8 8 3 2 2 3 2 0 26 101
110 60 2413 202 0 92 101 5 4 33 2 12 3 0 64 29 68
238 60 204 714 0 92 101 5 4 33 2 12 3 2 64 29 68
118 60 1059 234 0 92 101 5 4 33 2 13 2 0 64 31 52
74 60 792 58 0 92 101 5 4 3 8 33 2 0 2 39 84
138 60 816 314 0 92 101 4 4 3 8 3 4 192 39 70
202 60 0 570 0 92 101 5 4 3 8 33 2 8 2 39 84
266 60 274 826 0 92 101 4 4 3 8 3 12 192 39 70
1324 1226 258 1572 64 103 52 9 9 2 2 2 3 4 32 3 2 24 2 57 134
1452 1226 558 3620 64 103 52 9 9 2 2 2 3 4 32 3 2 56 2 57 134
1276 1226 2807 804 64 103 52 8 9 2 2 2 3 4 2 9 0 192 21 69
1404 1226 2952 2852 64 103 52 8 9 2 2 2 3 4 2 9 2 192 21 69
1328 1226 2120 1636 64 103 52 6 9 2 2 2 3 8 6 64 34 68
1428 1226 683 3236 64 103 52 8 9 2 2 2 3 4 33 2 50 2 57 117
1460 1226 620 3748 64 103 52 8 9 2 2 2 3 4 33 2 58 2 57 117
1284 1226 924 932 64 103 52 8 9 2 2 2 3 4 3 8 0 192 23 53
525 489 1377 588 64 103 52 9 9 2 2 3 8 2 2 3 4 0 64 25 85
501 489 2905 204 64 103 52 9 9 2 2 3 8 2 3 4 2 0 0 26 84
307 249 1332 932 192 109 86 8 64 12 3 2 3 8 3 2 0 0 23 84
435 249 1298 2980 192 109 86 9 64 12 3 2 3 8 3 2 3 2 0 23 101
295 249 1377 740 192 109 86 8 64 16 3 2 3 2 3 4 0 64 23 85
423 249 4 2788 192 109 86 8 64 16 3 2 3 2 3 4 2 64 23 85
487 249 419 3812 192 109 86 7 64 16 3 2 3 2 3 14 0 35 101
3209 3023 1298 744 0 89 84 8 4 3 4 3 8 3 2 3 2 0 23 101
3069 3023 1377 184 0 89 84 7 4 3 8 3 2 3 4 0 64 23 85
3261 3023 419 952 0 89 84 6 4 3 8 3 2 3 14 0 43 101
3218 3023 330 780 0 89 84 5 8 3 2 4 2 12 0 42 100
3170 3023 2596 588 0 89 84 6 8 3 2 8 2 3 2 0 20 100
3250 3023 0 908 0 89 84 5 8 3 2 4 3 14 0 42 100
3202 3023 1298 716 0 89 84 7 8 3 2 8 3 2 3 2 0 21 101
3162 3023 2301 556 0 89 84 7 8 3 2 3 4 32 3 8 2 43 117
3226 3023 2552 812 0 89 84 6 8 3 2 3 4 2 12 64 43 102
3050 3023 2413 108 0 89 84 5 8 3 2 3 8 0 64 22 68
3178 3023 204 620 0 89 84 5 8 3 2 3 8 2 64 22 68
3194 3023 701 684 0 89 84 7 8 3 2 3 4 33 2 10 2 43 117
3258 3023 701 940 0 89 84 6 8 3 2 3 4 3 14 64 43 102
3082 3023 1059 236 0 89 84 5 8 3 2 3 8 0 64 23 52
934 792 419 2276 0 102 84 8 8 2 3 8 3 2 4 3 2 0 22 100
998 792 0 3300 0 102 84 6 8 2 3 8 3 2 12 0 35 84
500 348 701 2438 0 102 101 7 8 4 2 3 8 2 3 2 0 18 100
580 348 0 3718 0 102 101 6 8 4 2 3 4 3 14 0 41 100
404 348 1332 902 0 102 101 7 8 4 2 3 8 3 2 0 0 19 84
532 348 1298 2950 0 102 101 8 8 4 2 3 8 3 2 3 2 0 19 101
488 348 701 2246 0 102 101 7 8 8 2 3 2 4 3 2 0 18 100
552 348 0 3270 0 102 101 5 8 8 2 3 2 12 0 41 84
392 348 1377 710 0 102 101 7 8 8 2 3 2 3 4 0 64 19 85
456 348 1535 1734 0 102 101 6 8 8 2 3 2 3 6 0 41 101
520 348 4 2758 0 102 101 7 8 8 2 3 2 3 4 2 64 19 85
584 348 419 3782 0 102 101 6 8 8 2 3 2 3 14 0 41 101
542 348 330 3110 0 102 101 6 8 4 3 2 4 2 12 0 42 100
494 348 2596 2342 0 102 101 7 8 4 3 2 8 2 3 2 0 20 100
574 348 0 3622 0 102 101 6 8 4 3 2 4 3 14 0 42 100
526 348 1298 2854 0 102 101 8 8 4 3 2 8 3 2 3 2 0 21 101
482 348 2596 2150 0 102 101 7 8 8 3 2 2 4 3 2 0 20 100
546 348 1166 3174 0 102 101 5 8 8 3 2 2 12 0 42 84
486 348 2301 2214 0 102 101 8 8 4 3 2 3 4 32 3 8 2 43 117
550 348 2552 3238 0 102 101 7 8 4 3 2 3 4 2 12 64 43 102
374 348 2413 422 0 102 101 6 8 4 3 2 3 8 0 64 22 68
502 348 204 2470 0 102 101 6 8 4 3 2 3 8 2 64 22 68
518 348 701 2726 0 102 101 8 8 4 3 2 3 4 33 2 10 2 43 117
582 348 701 3750 0 102 101 7 8 4 3 2 3 4 3 14 64 43 102
406 348 1059 934 0 102 101 6 8 4 3 2 3 8 0 64 23 52
362 348 701 230 0 102 101 7 8 8 3 2 3 4 2 0 0 22 84
426 348 479 1254 0 102 101 5 8 8 3 2 3 4 0 43 68
490 348 859 2278 0 102 101 8 8 8 3 2 3 4 2 3 2 0 22 101
554 348 792 3302 0 102 101 5 8 8 3 2 3 12 0 43 68
729 685 1377 2866 448 117 87 10 97 4 2 17 2 2 3 2 3 4 0 64 27 85
793 685 1535 6962 448 117 87 9 97 4 2 17 2 2 3 2 3 6 0 37 101
857 685 4 11058 448 117 87 10 97 4 2 17 2 2 3 2 3 4 2 64 27 85
921 685 419 15154 448 117 87 9 97 4 2 17 2 2 3 2 3 14 0 37 101
911 685 0 14514 448 117 87 9 97 4 2 13 2 3 2 4 3 14 0 38 100
735 685 1332 3250 448 117 87 10 97 4 2 13 2 3 2 8 3 2 0 0 29 84
863 685 1298 11442 448 117 87 11 97 4 2 13 2 3 2 8 3 2 3 2 0 29 101
699 685 701 946 448 117 87 10 97 4 2 17 2 3 2 3 4 2 0 0 30 84
763 685 479 5042 448 117 87 8 97 4 2 17 2 3 2 3 4 0 39 68
827 685 859 9138 448 117 87 11 97 4 2 17 2 3 2 3 4 2 3 2 0 30 101
891 685 792 13234 448 117 87 8 97 4 2 17 2 3 2 3 12 0 39 68
2151 2014 701 8782 4 117 117 8 17 2 2 4 3 2 4 3 2 0 18 100
2215 2014 0 12878 4 117 117 6 17 2 2 4 3 2 12 0 41 84
2167 2014 419 9806 4 117 117 8 17 2 2 8 3 2 2 3 2 0 18 101
2055 2014 1377 2638 4 117 117 8 17 2 2 4 3 2 3 4 0 64 19 85
2119 2014 1535 6734 4 117 117 7 17 2 2 4 3 2 3 6 0 41 101
2183 2014 4 10830 4 117 117 8 17 2 2 4 3 2 3 4 2 64 19 85
2247 2014 419 14926 4 117 117 7 17 2 2 4 3 2 3 14 0 41 101
2240 2014 0 14478 4 117 117 7 13 2 4 3 2 4 3 14 0 42 100
2064 2014 1332 3214 4 117 117 8 13 2 4 3 2 8 3 2 0 0 21 84
2192 2014 1298 11406 4 117 117 9 13 2 4 3 2 8 3 2 3 2 0 21 101
2116 2014 348 6542 4 117 117 7 13 2 8 3 2 2 3 6 0 42 101
2180 2014 3008 10638 4 117 117 8 13 2 8 3 2 2 3 4 2 64 21 85
2244 2014 419 14734 4 117 117 7 13 2 8 3 2 2 3 14 0 42 101
2152 2014 2301 8846 4 117 117 9 13 2 4 3 2 3 4 32 3 8 2 43 117
2216 2014 2552 12942 4 117 117 8 13 2 4 3 2 3 4 2 12 64 43 102
2168 2014 204 9870 4 117 117 7 13 2 4 3 2 3 8 2 64 22 68
2184 2014 701 10894 4 117 117 9 13 2 4 3 2 3 4 33 2 10 2 43 117
2248 2014 701 14990 4 117 117 8 13 2 4 3 2 3 4 3 14 64 43 102
2072 2014 1059 3726 4 117 117 7 13 2 4 3 2 3 8 0 64 23 52
2028 2014 701 910 4 117 117 8 13 2 8 3 2 3 4 2 0 0 22 84
2092 2014 479 5006 4 117 117 6 13 2 8 3 2 3 4 0 43 68
2156 2014 859 9102 4 117 117 9 13 2 8 3 2 3 4 2 3 2 0 22 101
2220 2014 792 13198 4 117 117 6 13 2 8 3 2 3 12 0 43 68
2161 2014 1298 9422 4 117 117 8 17 2 2 9 2 2 2 3 2 0 20 101
2065 2014 2413 3278 4 117 117 7 17 2 2 9 2 2 3 0 0 21 68
1524 1377 965 588 64 87 85 4 2 9 2 64 36 2052 61 100
1604 1377 109 908 64 87 85 4 2 9 32 2 56 2 61 100
1556 1377 1657 716 64 87 85 4 2 9 2 2 44 192 61 103
1580 1377 546 812 64 87 85 4 2 9 2 3 50 192 61 103
1612 1377 3023 940 64 87 85 4 2 9 2 3 58 192 61 103
1436 1377 1450 236 64 87 85 4 2 9 2 65 14 2052 61 100
135 4 419 526 64 87 85 7 3 8 33 2 8 2 3 2 0 28 100
199 4 2356 782 64 87 85 4 3 8 33 2 48 2 63 84
151 4 2187 590 64 87 85 4 3 8 3 64 36 2052 63 84
39 4 1332 142 64 87 85 7 3 8 33 2 8 3 2 0 0 29 84
103 4 2793 398 64 87 85 4 3 8 33 2 24 2 63 84
167 4 1298 654 64 87 85 8 3 8 33 2 8 3 2 3 2 0 29 101
231 4 1707 910 64 87 85 4 3 8 33 2 56 2 63 84
55 4 1971 206 64 87 85 4 3 8 3 64 12 2052 63 84
832 701 419 2106 2 99 117 7 13 2 5 2 2 4 3 2 0 28 100
896 701 620 3130 2 99 117 5 13 2 5 2 2 12 0 46 84
848 701 60 2362 2 99 117 7 13 2 9 2 2 2 3 2 0 28 101
736 701 1377 570 2 99 117 7 13 2 5 2 2 3 4 0 64 29 85
800 701 348 1594 2 99 117 6 13 2 5 2 2 3 6 0 46 101
864 701 3008 2618 2 99 117 7 13 2 5 2 2 3 4 2 64 29 85
928 701 419 3642 2 99 117 6 13 2 5 2 2 3 14 0 46 101
752 701 2552 826 2 99 117 6 13 2 9 2 2 3 0 0 29 68
925 701 0 3598 64 99 102 6 8 33 2 8 2 3 14 0 44 100
877 701 1298 2830 64 99 102 8 8 33 2 12 2 3 2 3 2 0 25 101
737 701 3023 590 64 99 102 7 8 3 64 12 2 3 2 0 0 25 84
801 701 1075 1614 64 99 102 3 8 3 64 100 2052 79 84
865 701 1298 2638 64 99 102 8 8 3 64 12 2 3 2 3 2 0 25 101
837 701 419 2190 64 99 102 8 8 33 2 8 3 2 4 3 2 0 26 100
901 701 0 3214 64 99 102 6 8 33 2 8 3 2 12 0 45 84
725 701 2905 398 64 99 102 7 8 33 2 12 3 2 2 0 0 26 84
853 701 859 2446 64 99 102 8 8 33 2 12 3 2 2 3 2 0 26 101
741 701 1377 654 64 99 102 8 8 33 2 8 3 2 3 4 0 64 27 85
805 701 1535 1678 64 99 102 7 8 33 2 8 3 2 3 6 0 45 101
869 701 4 2702 64 99 102 8 8 33 2 8 3 2 3 4 2 64 27 85
933 701 419 3726 64 99 102 7 8 33 2 8 3 2 3 14 0 45 101
757 701 1644 910 64 99 102 7 8 33 2 12 3 2 3 0 0 27 68
777 701 31 1230 64 99 102 3 8 3 64 76 2052 79 84
841 701 859 2254 64 99 102 8 8 3 64 12 3 2 2 3 2 0 26 101
905 701 2014 3278 64 99 102 3 8 3 64 204 2052 79 84
1607 1377 16 920 64 89 85 5 32 3 2 12 3 14 128 42 101
1583 1377 2301 824 64 89 85 4 32 3 2 13 12 128 43 68
1551 1377 204 696 64 89 85 6 32 3 2 13 4 3 2 64 23 68
1615 1377 249 952 64 89 85 4 32 3 2 13 14 128 43 68
1604 1377 109 908 64 89 85 4 2 9 32 2 56 2 53 100
1556 1377 1657 716 64 89 85 4 2 9 2 2 44 192 53 103
1580 1377 546 812 64 89 85 4 2 9 2 3 50 192 53 103
1420 1377 1535 172 64 89 85 6 2 9 2 65 4 3 2 2 43 100
1612 1377 3023 940 64 89 85 4 2 9 2 3 58 192 53 103
1436 1377 1450 236 64 89 85 4 2 9 2 65 14 2052 53 100
521 419 348 1638 0 108 101 6 8 8 3 2 2 3 6 0 42 101
585 419 3008 2662 0 108 101 7 8 8 3 2 2 3 4 2 64 21 85
649 419 419 3686 0 108 101 6 8 8 3 2 2 3 14 0 42 101
750 652 258 1572 0 109 68 8 8 2 2 3 4 32 3 2 24 2 57 134
878 652 558 3620 0 109 68 8 8 2 2 3 4 32 3 2 56 2 57 134
702 652 2807 804 0 109 68 7 8 2 2 3 4 2 9 0 192 21 69
830 652 2952 2852 0 109 68 7 8 2 2 3 4 2 9 2 192 21 69
2555 2413 419 568 64 93 68 8 4 2 3 8 3 2 4 3 2 0 22 100
2619 2413 0 824 64 93 68 6 4 2 3 8 3 2 12 0 43 84
2459 2413 1377 184 64 93 68 8 4 2 3 8 3 2 3 4 0 64 23 85
2651 2413 419 952 64 93 68 7 4 2 3 8 3 2 3 14 0 43 101
2552 2413 2301 556 64 93 68 8 8 2 3 2 3 4 32 3 8 2 43 117
2616 2413 2552 812 64 93 68 7 8 2 3 2 3 4 2 12 64 43 102
2440 2413 2413 108 64 93 68 6 8 2 3 2 3 8 0 64 22 68
2568 2413 204 620 64 93 68 6 8 2 3 2 3 8 2 64 22 68
2584 2413 701 684 64 93 68 8 8 2 3 2 3 4 33 2 10 2 43 117
2648 2413 701 940 64 93 68 7 8 2 3 2 3 4 3 14 64 43 102
2472 2413 1059 236 64 93 68 6 8 2 3 2 3 8 0 64 23 52
1107 965 419 9124 2052 125 100 9 12 3 2 3 8 3 2 4 3 2 0 30 100
1171 965 0 13220 2052 125 100 7 12 3 2 3 8 3 2 12 0 39 84
1203 965 419 15268 2052 125 100 8 12 3 2 3 8 3 2 3 14 0 39 101
1168 965 2552 13028 2052 125 100 8 16 3 2 3 2 3 4 2 12 64 39 102
1200 965 701 15076 2052 125 100 8 16 3 2 3 2 3 4 3 14 64 39 102
1024 965 1059 3812 2052 125 100 7 16 3 2 3 2 3 8 0 64 31 52
939 701 419 954 0 82 100 6 4 3 8 3 2 3 14 0 39 101
904 701 2552 814 0 82 100 6 8 3 2 3 4 2 12 64 39 102
760 701 1059 238 0 82 100 5 8 3 2 3 8 0 64 31 52
646 419 0 910 0 88 100 5 8 3 2 4 3 14 0 38 100
470 419 1332 206 0 88 100 6 8 3 2 8 3 2 0 0 29 84
598 419 1298 718 0 88 100 7 8 3 2 8 3 2 3 2 0 29 101
2790 2734 1332 3628 4 123 100 9 13 2 3 2 4 3 8 3 2 0 0 27 84
2918 2734 1298 11820 4 123 100 10 13 2 3 2 4 3 8 3 2 3 2 0 27 101
2874 2734 419 9004 4 123 100 9 13 2 3 2 8 3 2 4 3 2 0 26 100
2938 2734 0 13100 4 123 100 7 13 2 3 2 8 3 2 12 0 45 84
2778 2734 1377 2860 4 123 100 9 13 2 3 2 8 3 2 3 4 0 64 27 85
2842 2734 1535 6956 4 123 100 8 13 2 3 2 8 3 2 3 6 0 45 101
2906 2734 4 11052 4 123 100 9 13 2 3 2 8 3 2 3 4 2 64 27 85
2970 2734 419 15148 4 123 100 8 13 2 3 2 8 3 2 3 14 0 45 101
2865 2734 419 8428 4 123 100 9 17 2 3 2 3 4 2 4 3 2 0 28 100
2929 2734 620 12524 4 123 100 7 17 2 3 2 3 4 2 12 0 46 84
2881 2734 60 9452 4 123 100 9 17 2 3 2 3 8 2 2 3 2 0 28 101
2769 2734 1377 2284 4 123 100 9 17 2 3 2 3 4 2 3 4 0 64 29 85
2833 2734 348 6380 4 123 100 8 17 2 3 2 3 4 2 3 6 0 46 101
2897 2734 3008 10476 4 123 100 9 17 2 3 2 3 4 2 3 4 2 64 29 85
2961 2734 419 14572 4 123 100 8 17 2 3 2 3 4 2 3 14 0 46 101
2785 2734 2552 3308 4 123 100 8 17 2 3 2 3 8 2 3 0 0 29 68
1912 1750 419 41550 4 133 117 10 17 2 2 4 3 2 4 3 4 3 2 0 21 100
1976 1750 620 57934 4 133 117 8 17 2 2 4 3 2 4 3 14 0 34 100
1800 1750 1332 12878 4 133 117 9 17 2 2 4 3 2 8 3 2 0 0 21 84
1928 1750 1298 45646 4 133 117 10 17 2 2 4 3 2 8 3 2 3 2 0 21 101
1852 1750 419 26190 4 133 117 8 17 2 2 8 3 2 2 3 6 0 34 101
1888 1750 2301 35406 4 133 117 10 17 2 2 4 3 2 3 4 32 3 8 2 35 117
1952 1750 2552 51790 4 133 117 9 17 2 2 4 3 2 3 4 2 12 64 35 102
1776 1750 2413 6734 4 133 117 8 17 2 2 4 3 2 3 8 0 64 22 68
1904 1750 204 39502 4 133 117 8 17 2 2 4 3 2 3 8 2 64 22 68
1792 1750 620 10830 4 133 117 10 17 2 2 4 3 2 3 4 33 2 2 2 35 117
1920 1750 701 43598 4 133 117 10 17 2 2 4 3 2 3 4 33 2 10 2 35 117
1984 1750 701 59982 4 133 117 9 17 2 2 4 3 2 3 4 3 14 64 35 102
1808 1750 1059 14926 4 133 117 8 17 2 2 4 3 2 3 8 0 64 23 52
260 204 1332 226 64 94 68 8 4 3 2 4 3 8 3 2 0 0 27 84
388 204 1298 738 64 94 68 9 4 3 2 4 3 8 3 2 3 2 0 27 101
216 204 1450 50 64 94 68 8 4 3 2 8 3 2 4 2 0 0 26 100
280 204 1376 306 64 94 68 6 4 3 2 8 3 2 4 0 37 84
344 204 419 562 64 94 68 8 4 3 2 8 3 2 4 3 2 0 26 100
408 204 0 818 64 94 68 6 4 3 2 8 3 2 12 0 37 84
248 204 1377 178 64 94 68 8 4 3 2 8 3 2 3 4 0 64 27 85
312 204 1535 434 64 94 68 7 4 3 2 8 3 2 3 6 0 37 101
376 204 4 690 64 94 68 8 4 3 2 8 3 2 3 4 2 64 27 85
440 204 419 946 64 94 68 7 4 3 2 8 3 2 3 14 0 37 101
229 204 1836 102 64 94 68 6 8 3 2 2 3 8 0 64 26 68
245 204 204 166 64 94 68 8 8 3 2 2 3 4 33 2 2 2 37 117
309 204 11 422 64 94 68 7 8 3 2 2 3 4 3 6 64 37 102
373 204 701 678 64 94 68 8 8 3 2 2 3 4 33 2 10 2 37 117
437 204 701 934 64 94 68 7 8 3 2 2 3 4 3 14 64 37 102
261 204 1059 230 64 94 68 6 8 3 2 2 3 8 0 64 27 52
430 204 558 906 64 94 68 8 4 3 2 3 4 32 3 2 56 2 59 134
254 204 2807 202 64 94 68 7 4 3 2 3 4 2 9 0 192 29 69
382 204 2952 714 64 94 68 7 4 3 2 3 4 2 9 2 192 29 69
242 204 1332 154 64 94 68 8 4 3 2 3 8 4 3 2 0 0 29 84
306 204 2120 410 64 94 68 5 4 3 2 3 8 6 64 38 68
370 204 1298 666 64 94 68 9 4 3 2 3 8 4 3 2 3 2 0 29 101
434 204 1933 922 64 94 68 5 4 3 2 3 8 14 64 38 68
438 204 620 938 64 94 68 7 4 3 2 3 4 33 2 58 2 59 117
262 204 924 234 64 94 68 7 4 3 2 3 4 3 8 0 192 31 53
218 204 701 58 64 94 68 8 4 3 2 3 8 5 2 2 0 0 30 84
282 204 1226 314 64 94 68 5 4 3 2 3 8 4 64 39 52
346 204 859 570 64 94 68 9 4 3 2 3 8 5 2 2 3 2 0 30 101
410 204 489 826 64 94 68 5 4 3 2 3 8 12 64 39 52
271 204 792 270 64 94 68 6 8 3 2 3 4 2 4 0 38 84
335 204 419 526 64 94 68 8 8 3 2 3 4 2 4 3 2 0 28 100
399 204 620 782 64 94 68 6 8 3 2 3 4 2 12 0 38 84
223 204 419 78 64 94 68 7 8 3 2 3 8 2 2 0 0 28 84
239 204 1377 142 64 94 68 8 8 3 2 3 4 2 3 4 0 64 29 85
303 204 348 398 64 94 68 7 8 3 2 3 4 2 3 6 0 38 101
367 204 3008 654 64 94 68 8 8 3 2 3 4 2 3 4 2 64 29 85
431 204 419 910 64 94 68 7 8 3 2 3 4 2 3 14 0 38 101
255 204 2552 206 64 94 68 7 8 3 2 3 8 2 3 0 0 29 68
2941 2905 1377 9422 4 133 117 9 17 2 2 9 2 2 2 3 4 0 64 25 85
2917 2905 2905 3278 4 133 117 9 17 2 2 9 2 2 3 4 2 0 0 26 84
2716 2552 419 2636 64 103 102 7 9 2 64 12 3 2 3 2 0 25 100
2780 2552 457 3660 64 103 102 3 9 2 64 228 2052 77 100
2736 2552 1298 2956 64 103 102 8 9 32 2 13 2 3 2 3 2 0 27 101
2596 2552 330 716 64 103 102 4 9 2 2 9 2 448 37 70
2724 2552 1933 2764 64 103 102 4 9 2 2 9 10 448 37 70
2788 2552 2807 3788 64 103 102 4 9 2 2 9 14 448 37 70
2602 2552 1933 812 64 103 102 4 9 2 3 4 12 448 59 87
2730 2552 42 2860 64 103 102 4 9 2 3 4 44 448 59 87
2610 2552 652 940 64 103 102 4 9 2 3 4 14 448 59 87
2566 2552 701 236 64 103 102 7 9 2 65 12 3 2 2 0 0 30 84
2630 2552 2734 1260 64 103 102 3 9 2 65 78 2052 77 100
2694 2552 859 2284 64 103 102 8 9 2 65 12 3 2 2 3 2 0 30 101
2758 2552 330 3308 64 103 102 3 9 2 65 206 2052 77 100
925 701 0 3598 64 103 102 6 8 33 2 8 2 3 14 0 44 100
877 701 1298 2830 64 103 102 8 8 33 2 12 2 3 2 3 2 0 25 101
737 701 3023 590 64 103 102 7 8 3 64 12 2 3 2 0 0 25 84
801 701 1075 1614 64 103 102 3 8 3 64 100 2052 79 84
865 701 1298 2638 64 103 102 8 8 3 64 12 2 3 2 3 2 0 25 101
837 701 419 2190 64 103 102 8 8 33 2 8 3 2 4 3 2 0 26 100
901 701 0 3214 64 103 102 6 8 33 2 8 3 2 12 0 45 84
725 701 2905 398 64 103 102 7 8 33 2 12 3 2 2 0 0 26 84
853 701 859 2446 64 103 102 8 8 33 2 12 3 2 2 3 2 0 26 101
741 701 1377 654 64 103 102 8 8 33 2 8 3 2 3 4 0 64 27 85
805 701 1535 1678 64 103 102 7 8 33 2 8 3 2 3 6 0 45 101
869 701 4 2702 64 103 102 8 8 33 2 8 3 2 3 4 2 64 27 85
933 701 419 3726 64 103 102 7 8 33 2 8 3 2 3 14 0 45 101
757 701 1644 910 64 103 102 7 8 33 2 12 3 2 3 0 0 27 68
777 701 31 1230 64 103 102 3 8 3 64 76 2052 79 84
841 701 859 2254 64 103 102 8 8 3 64 12 3 2 2 3 2 0 26 101
905 701 2014 3278 64 103 102 3 8 3 64 204 2052 79 84
844 620 0 14394 2 115 117 7 13 2 5 2 2 4 3 14 0 44 100
796 620 1298 11322 2 115 117 9 13 2 5 2 2 8 3 2 3 2 0 25 101
656 620 1377 2362 2 115 117 8 13 2 9 2 2 2 3 4 0 64 25 85
720 620 419 6458 2 115 117 7 13 2 9 2 2 2 3 6 0 44 101
784 620 4 10554 2 115 117 8 13 2 9 2 2 2 3 4 2 64 25 85
756 620 2301 8762 2 115 117 9 13 2 5 2 2 3 4 32 3 8 2 45 117
820 620 2552 12858 2 115 117 8 13 2 5 2 2 3 4 2 12 64 45 102
644 620 1836 1594 2 115 117 7 13 2 5 2 2 3 8 0 64 26 68
772 620 204 9786 2 115 117 7 13 2 5 2 2 3 8 2 64 26 68
660 620 204 2618 2 115 117 9 13 2 5 2 2 3 4 33 2 2 2 45 117
788 620 701 10810 2 115 117 9 13 2 5 2 2 3 4 33 2 10 2 45 117
852 620 701 14906 2 115 117 8 13 2 5 2 2 3 4 3 14 64 45 102
676 620 1059 3642 2 115 117 7 13 2 5 2 2 3 8 0 64 27 52
696 620 652 4922 2 115 117 6 13 2 9 2 2 3 4 0 45 68
824 620 2301 13114 2 115 117 6 13 2 9 2 2 3 12 0 45 68
980 924 1332 224 192 95 53 8 33 2 8 2 3 8 3 2 0 0 19 84
1108 924 1298 736 192 95 53 9 33 2 8 2 3 8 3 2 3 2 0 19 101
968 924 1377 176 192 95 53 8 33 2 12 2 3 2 3 4 0 64 19 85
1032 924 1535 432 192 95 53 7 33 2 12 2 3 2 3 6 0 41 101
1096 924 4 688 192 95 53 8 33 2 12 2 3 2 3 4 2 64 19 85
1160 924 419 944 192 95 53 7 33 2 12 2 3 2 3 14 0 41 101
1061 924 701 548 192 95 53 8 3 64 12 2 3 2 4 3 2 0 18 100
1125 924 0 804 192 95 53 6 3 64 12 2 3 2 12 0 41 84
1077 924 419 612 192 95 53 8 3 64 16 2 3 2 2 3 2 0 18 101
965 924 1377 164 192 95 53 8 3 64 12 2 3 2 3 4 0 64 19 85
1029 924 1535 420 192 95 53 7 3 64 12 2 3 2 3 6 0 41 101
1093 924 4 676 192 95 53 8 3 64 12 2 3 2 3 4 2 64 19 85
1157 924 419 932 192 95 53 7 3 64 12 2 3 2 3 14 0 41 101
1150 924 0 904 192 95 53 7 33 2 8 3 2 4 3 14 0 42 100
974 924 1332 200 192 95 53 8 33 2 8 3 2 8 3 2 0 0 21 84
1102 924 1298 712 192 95 53 9 33 2 8 3 2 8 3 2 3 2 0 21 101
1058 924 2596 536 192 95 53 8 33 2 12 3 2 2 4 3 2 0 20 100
1122 924 1166 792 192 95 53 6 33 2 12 3 2 2 12 0 42 84
1026 924 348 408 192 95 53 7 33 2 12 3 2 2 3 6 0 42 101
1090 924 3008 664 192 95 53 8 33 2 12 3 2 2 3 4 2 64 21 85
1154 924 419 920 192 95 53 7 33 2 12 3 2 2 3 14 0 42 101
1062 924 2301 552 192 95 53 9 33 2 8 3 2 3 4 32 3 8 2 43 117
1126 924 2552 808 192 95 53 8 33 2 8 3 2 3 4 2 12 64 43 102
1078 924 204 616 192 95 53 7 33 2 8 3 2 3 8 2 64 22 68
1094 924 701 680 192 95 53 9 33 2 8 3 2 3 4 33 2 10 2 43 117
1158 924 701 936 192 95 53 8 33 2 8 3 2 3 4 3 14 64 43 102
982 924 1059 232 192 95 53 7 33 2 8 3 2 3 8 0 64 23 52
938 924 701 56 192 95 53 8 33 2 12 3 2 3 4 2 0 0 22 84
1002 924 479 312 192 95 53 6 33 2 12 3 2 3 4 0 43 68
1066 924 859 568 192 95 53 9 33 2 12 3 2 3 4 2 3 2 0 22 101
1130 924 792 824 192 95 53 6 33 2 12 3 2 3 12 0 43 68
1071 924 1298 588 192 95 53 8 3 64 16 3 2 2 2 3 2 0 20 101
1023 924 348 396 192 95 53 7 3 64 12 3 2 2 3 6 0 42 101
1087 924 3008 652 192 95 53 8 3 64 12 3 2 2 3 4 2 64 21 85
1151 924 419 908 192 95 53 7 3 64 12 3 2 2 3 14 0 42 101
975 924 2413 204 192 95 53 7 3 64 16 3 2 2 3 0 0 21 68
2608 2552 1332 908 64 105 102 7 9 32 2 13 2 3 2 0 0 27 84
2736 2552 1298 2956 64 105 102 8 9 32 2 13 2 3 2 3 2 0 27 101
2596 2552 330 716 64 105 102 4 9 2 2 9 2 448 37 70
2788 2552 2807 3788 64 105 102 4 9 2 2 9 14 448 37 70
2730 2552 42 2860 64 105 102 4 9 2 3 4 44 448 59 87
2754 2552 2970 3244 64 105 102 5 9 2 65 4 3 50 2 59 100
2610 2552 652 940 64 105 102 4 9 2 3 4 14 448 59 87
2566 2552 701 236 64 105 102 7 9 2 65 12 3 2 2 0 0 30 84
2630 2552 2734 1260 64 105 102 3 9 2 65 78 2052 69 100
2694 2552 859 2284 64 105 102 8 9 2 65 12 3 2 2 3 2 0 30 101
2758 2552 330 3308 64 105 102 3 9 2 65 206 2052 69 100
229 204 1836 102 64 82 68 6 8 3 2 2 3 8 0 64 26 68
245 204 204 166 64 82 68 8 8 3 2 2 3 4 33 2 2 2 37 117
309 204 11 422 64 82 68 7 8 3 2 2 3 4 3 6 64 37 102
373 204 701 678 64 82 68 8 8 3 2 2 3 4 33 2 10 2 37 117
437 204 701 934 64 82 68 7 8 3 2 2 3 4 3 14 64 37 102
261 204 1059 230 64 82 68 6 8 3 2 2 3 8 0 64 27 52
1450 1298 2793 610 0 84 101 6 4 32 3 2 12 3 2 128 26 101
1354 1298 2552 226 0 84 101 5 4 32 3 2 13 0 128 27 68
1482 1298 1167 738 0 84 101 5 4 32 3 2 13 2 128 27 68
1438 1298 2356 562 0 84 101 5 4 2 9 32 2 8 2 37 100
1502 1298 37 818 0 84 101 4 4 2 9 2 12 192 37 86
1342 1298 683 178 0 84 101 4 4 2 9 2 2 192 37 86
1470 1298 1226 690 0 84 101 4 4 2 9 2 10 192 37 86
1534 1298 1377 946 0 84 101 4 4 2 9 2 14 192 37 86
646 419 0 910 0 90 100 5 8 3 2 4 3 14 0 38 100
470 419 1332 206 0 90 100 6 8 3 2 8 3 2 0 0 29 84
598 419 1298 718 0 90 100 7 8 3 2 8 3 2 3 2 0 29 101
622 419 2552 814 0 90 100 6 8 3 2 3 4 2 12 64 39 102
478 419 1059 238 0 90 100 5 8 3 2 3 8 0 64 31 52
144 4 419 562 64 89 85 7 33 2 12 3 4 2 3 2 0 26 100
208 4 2531 818 64 89 85 4 33 2 12 3 12 64 45 68
48 4 1332 178 64 89 85 7 33 2 12 3 4 3 2 0 0 27 84
112 4 2120 434 64 89 85 4 33 2 12 3 6 64 45 68
240 4 1933 946 64 89 85 4 33 2 12 3 14 64 45 68
18 4 701 58 64 89 85 7 33 2 13 2 5 2 2 0 0 30 84
82 4 1226 314 64 89 85 4 33 2 13 2 4 64 47 52
146 4 859 570 64 89 85 8 33 2 13 2 5 2 2 3 2 0 30 101
210 4 489 826 64 89 85 4 33 2 13 2 12 64 47 52
135 4 419 526 64 89 85 7 3 8 33 2 8 2 3 2 0 28 100
199 4 2356 782 64 89 85 4 3 8 33 2 48 2 55 84
151 4 2187 590 64 89 85 4 3 8 3 64 36 2052 55 84
103 4 2793 398 64 89 85 4 3 8 33 2 24 2 55 84
167 4 1298 654 64 89 85 8 3 8 33 2 8 3 2 3 2 0 29 101
231 4 1707 910 64 89 85 4 3 8 33 2 56 2 55 84
55 4 1971 206 64 89 85 4 3 8 3 64 12 2052 55 84
343 204 419 2226 2 109 117 7 12 3 4 3 2 4 3 2 0 22 100
407 204 0 3250 2 109 117 5 12 3 4 3 2 12 0 43 84
359 204 859 2482 2 109 117 7 12 3 8 3 2 2 3 2 0 22 101
263 204 1644 946 2 109 117 6 12 3 8 3 2 3 0 0 23 68
2358 2301 1059 920 2 99 117 4 2 12 3 8 0 192 27 52
2486 2301 348 2968 2 99 117 4 2 12 3 8 2 192 27 52
2480 2301 204 2872 2 99 117 5 2 13 8 2 3 2 64 29 68
2536 2301 1933 3768 2 99 117 4 2 13 4 3 14 64 39 68
2360 2301 1059 952 2 99 117 5 2 13 8 3 2 0 64 31 52
507 457 2807 13028 2052 141 100 9 16 3 2 3 2 3 4 2 9 0 192 29 69
635 457 2952 45796 2052 141 100 9 16 3 2 3 2 3 4 2 9 2 192 29 69
515 457 924 15076 2052 141 100 9 16 3 2 3 2 3 4 3 8 0 192 31 53
471 457 701 3812 2052 141 100 10 16 3 2 3 2 3 8 5 2 2 0 0 30 84
535 457 1226 20196 2052 141 100 7 16 3 2 3 2 3 8 4 64 47 52
599 457 859 36580 2052 141 100 11 16 3 2 3 2 3 8 5 2 2 3 2 0 30 101
663 457 489 52964 2052 141 100 7 16 3 2 3 2 3 8 12 64 47 52
260 204 1332 226 64 86 68 8 4 3 2 4 3 8 3 2 0 0 27 84
388 204 1298 738 64 86 68 9 4 3 2 4 3 8 3 2 3 2 0 27 101
216 204 1450 50 64 86 68 8 4 3 2 8 3 2 4 2 0 0 26 100
280 204 1376 306 64 86 68 6 4 3 2 8 3 2 4 0 37 84
344 204 419 562 64 86 68 8 4 3 2 8 3 2 4 3 2 0 26 100
408 204 0 818 64 86 68 6 4 3 2 8 3 2 12 0 37 84
248 204 1377 178 64 86 68 8 4 3 2 8 3 2 3 4 0 64 27 85
312 204 1535 434 64 86 68 7 4 3 2 8 3 2 3 6 0 37 101
376 204 4 690 64 86 68 8 4 3 2 8 3 2 3 4 2 64 27 85
440 204 419 946 64 86 68 7 4 3 2 8 3 2 3 14 0 37 101
301 204 894 390 64 86 68 6 8 3 2 2 4 3 6 0 36 100
365 204 419 646 64 86 68 8 8 3 2 2 4 3 4 3 2 0 25 100
429 204 0 902 64 86 68 6 8 3 2 2 4 3 14 0 36 100
253 204 3023 198 64 86 68 7 8 3 2 2 8 3 2 0 0 25 84
381 204 1298 710 64 86 68 8 8 3 2 2 8 3 2 3 2 0 25 101
430 204 558 906 64 86 68 8 4 3 2 3 4 32 3 2 56 2 59 134
254 204 2807 202 64 86 68 7 4 3 2 3 4 2 9 0 192 29 69
382 204 2952 714 64 86 68 7 4 3 2 3 4 2 9 2 192 29 69
242 204 1332 154 64 86 68 8 4 3 2 3 8 4 3 2 0 0 29 84
306 204 2120 410 64 86 68 5 4 3 2 3 8 6 64 38 68
370 204 1298 666 64 86 68 9 4 3 2 3 8 4 3 2 3 2 0 29 101
434 204 1933 922 64 86 68 5 4 3 2 3 8 14 64 38 68
438 204 620 938 64 86 68 7 4 3 2 3 4 33 2 58 2 59 117
262 204 924 234 64 86 68 7 4 3 2 3 4 3 8 0 192 31 53
218 204 701 58 64 86 68 8 4 3 2 3 8 5 2 2 0 0 30 84
282 204 1226 314 64 86 68 5 4 3 2 3 8 4 64 39 52
346 204 859 570 64 86 68 9 4 3 2 3 8 5 2 2 3 2 0 30 101
410 204 489 826 64 86 68 5 4 3 2 3 8 12 64 39 52
271 204 792 270 64 86 68 6 8 3 2 3 4 2 4 0 38 84
335 204 419 526 64 86 68 8 8 3 2 3 4 2 4 3 2 0 28 100
399 204 620 782 64 86 68 6 8 3 2 3 4 2 12 0 38 84
223 204 419 78 64 86 68 7 8 3 2 3 8 2 2 0 0 28 84
239 204 1377 142 64 86 68 8 8 3 2 3 4 2 3 4 0 64 29 85
303 204 348 398 64 86 68 7 8 3 2 3 4 2 3 6 0 38 101
367 204 3008 654 64 86 68 8 8 3 2 3 4 2 3 4 2 64 29 85
431 204 419 910 64 86 68 7 8 3 2 3 4 2 3 14 0 38 101
255 204 2552 206 64 86 68 7 8 3 2 3 8 2 3 0 0 29 68
670 620 2807 814 0 98 100 7 8 3 2 3 4 2 9 0 192 29 69
798 620 2952 2862 0 98 100 7 8 3 2 3 4 2 9 2 192 29 69
634 620 701 238 0 98 100 8 8 3 2 3 8 5 2 2 0 0 30 84
698 620 1226 1262 0 98 100 5 8 3 2 3 8 4 64 47 52
762 620 859 2286 0 98 100 9 8 3 2 3 8 5 2 2 3 2 0 30 101
826 620 489 3310 0 98 100 5 8 3 2 3 8 12 64 47 52
56 0 1332 910 0 104 100 8 8 3 2 4 3 8 3 2 0 0 27 84
184 0 1298 2958 0 104 100 9 8 3 2 4 3 8 3 2 3 2 0 27 101
140 0 419 2254 0 104 100 8 8 3 2 8 3 2 4 3 2 0 26 100
204 0 0 3278 0 104 100 6 8 3 2 8 3 2 12 0 45 84
44 0 1377 718 0 104 100 8 8 3 2 8 3 2 3 4 0 64 27 85
108 0 1535 1742 0 104 100 7 8 3 2 8 3 2 3 6 0 45 101
172 0 4 2766 0 104 100 8 8 3 2 8 3 2 3 4 2 64 27 85
236 0 419 3790 0 104 100 7 8 3 2 8 3 2 3 14 0 45 101
2272 2120 701 2438 64 106 68 9 8 3 2 2 4 3 8 2 3 2 0 18 100
2352 2120 0 3718 64 106 68 8 8 3 2 2 4 3 4 3 14 0 41 100
2176 2120 1332 902 64 106 68 9 8 3 2 2 4 3 8 3 2 0 0 19 84
2304 2120 1298 2950 64 106 68 10 8 3 2 2 4 3 8 3 2 3 2 0 19 101
2260 2120 701 2246 64 106 68 9 8 3 2 2 8 3 2 4 3 2 0 18 100
2324 2120 0 3270 64 106 68 7 8 3 2 2 8 3 2 12 0 41 84
2164 2120 1377 710 64 106 68 9 8 3 2 2 8 3 2 3 4 0 64 19 85
2228 2120 1535 1734 64 106 68 8 8 3 2 2 8 3 2 3 6 0 41 101
2292 2120 4 2758 64 106 68 9 8 3 2 2 8 3 2 3 4 2 64 19 85
2356 2120 419 3782 64 106 68 8 8 3 2 2 8 3 2 3 14 0 41 101
2820 2596 0 57580 4 139 100 9 17 2 3 2 3 4 2 4 3 14 0 44 100
2772 2596 1298 45292 4 139 100 11 17 2 3 2 3 4 2 8 3 2 3 2 0 25 101
2632 2596 1377 9452 4 139 100 10 17 2 3 2 3 8 2 2 3 4 0 64 25 85
2696 2596 419 25836 4 139 100 9 17 2 3 2 3 8 2 2 3 6 0 44 101
2760 2596 4 42220 4 139 100 10 17 2 3 2 3 8 2 2 3 4 2 64 25 85
2732 2596 2301 35052 4 139 100 11 17 2 3 2 3 4 2 3 4 32 3 8 2 45 117
2796 2596 2552 51436 4 139 100 10 17 2 3 2 3 4 2 3 4 2 12 64 45 102
2620 2596 1836 6380 4 139 100 9 17 2 3 2 3 4 2 3 8 0 64 26 68
2748 2596 204 39148 4 139 100 9 17 2 3 2 3 4 2 3 8 2 64 26 68
2636 2596 204 10476 4 139 100 11 17 2 3 2 3 4 2 3 4 33 2 2 2 45 117
2764 2596 701 43244 4 139 100 11 17 2 3 2 3 4 2 3 4 33 2 10 2 45 117
2828 2596 701 59628 4 139 100 10 17 2 3 2 3 4 2 3 4 3 14 64 45 102
2652 2596 1059 14572 4 139 100 9 17 2 3 2 3 4 2 3 8 0 64 27 52
2672 2596 652 19692 4 139 100 8 17 2 3 2 3 8 2 3 4 0 45 68
2800 2596 2301 52460 4 139 100 8 17 2 3 2 3 8 2 3 12 0 45 68
2309 2077 0 930 64 92 68 7 4 3 2 4 3 4 3 14 0 37 100
2261 2077 1298 738 64 92 68 9 4 3 2 4 3 8 3 2 3 2 0 27 101
2089 2077 1450 50 64 92 68 8 4 3 2 8 3 2 4 2 0 0 26 100
2153 2077 1376 306 64 92 68 6 4 3 2 8 3 2 4 0 37 84
2217 2077 419 562 64 92 68 8 4 3 2 8 3 2 4 3 2 0 26 100
2281 2077 0 818 64 92 68 6 4 3 2 8 3 2 12 0 37 84
2121 2077 1377 178 64 92 68 8 4 3 2 8 3 2 3 4 0 64 27 85
2185 2077 1535 434 64 92 68 7 4 3 2 8 3 2 3 6 0 37 101
2249 2077 4 690 64 92 68 8 4 3 2 8 3 2 3 4 2 64 27 85
2313 2077 419 946 64 92 68 7 4 3 2 8 3 2 3 14 0 37 101
2230 2077 204 614 64 92 68 6 8 3 2 2 3 8 2 64 26 68
2175 2077 258 394 64 92 68 8 4 3 2 3 4 32 3 2 24 2 51 134
2303 2077 558 906 64 92 68 8 4 3 2 3 4 32 3 2 56 2 51 134
2127 2077 2807 202 64 92 68 7 4 3 2 3 4 2 9 0 192 29 69
2255 2077 2952 714 64 92 68 7 4 3 2 3 4 2 9 2 192 29 69
2211 2077 419 538 64 92 68 8 4 3 2 3 8 4 2 3 2 0 28 100
2275 2077 2531 794 64 92 68 5 4 3 2 3 8 12 64 38 68
2115 2077 1332 154 64 92 68 8 4 3 2 3 8 4 3 2 0 0 29 84
2179 2077 2120 410 64 92 68 5 4 3 2 3 8 6 64 38 68
2243 2077 1298 666 64 92 68 9 4 3 2 3 8 4 3 2 3 2 0 29 101
2307 2077 1933 922 64 92 68 5 4 3 2 3 8 14 64 38 68
2279 2077 683 810 64 92 68 7 4 3 2 3 4 33 2 50 2 51 117
2311 2077 620 938 64 92 68 7 4 3 2 3 4 33 2 58 2 51 117
2135 2077 924 234 64 92 68 7 4 3 2 3 4 3 8 0 192 31 53
2091 2077 701 58 64 92 68 8 4 3 2 3 8 5 2 2 0 0 30 84
2155 2077 1226 314 64 92 68 5 4 3 2 3 8 4 64 39 52
2219 2077 859 570 64 92 68 9 4 3 2 3 8 5 2 2 3 2 0 30 101
2283 2077 489 826 64 92 68 5 4 3 2 3 8 12 64 39 52
2254 2120 2596 2150 64 110 68 9 8 3 2 2 3 8 4 2 3 2 0 20 100
2318 2120 2531 3174 64 110 68 6 8 3 2 2 3 8 12 64 42 68
2322 2120 1933 3238 64 110 68 8 8 3 2 2 3 4 33 2 50 2 53 117
2146 2120 37 422 64 110 68 8 8 3 2 2 3 4 3 8 0 192 22 69
2274 2120 2952 2470 64 110 68 8 8 3 2 2 3 4 3 8 2 192 22 69
2354 2120 620 3750 64 110 68 8 8 3 2 2 3 4 33 2 58 2 53 117
2178 2120 924 934 64 110 68 8 8 3 2 2 3 4 3 8 0 192 23 53
2134 2120 701 230 64 110 68 9 8 3 2 2 3 8 5 2 2 0 0 22 84
2198 2120 1226 1254 64 110 68 6 8 3 2 2 3 8 4 64 43 52
2262 2120 859 2278 64 110 68 10 8 3 2 2 3 8 5 2 2 3 2 0 22 101
2326 2120 489 3302 64 110 68 6 8 3 2 2 3 8 12 64 43 52
929 792 2301 548 64 93 52 8 9 2 2 2 3 4 32 3 8 2 41 117
993 792 2552 804 64 93 52 7 9 2 2 2 3 4 2 12 64 41 102
923 792 2596 524 64 93 52 8 9 2 2 3 4 2 4 3 2 0 20 100
987 792 1166 780 64 93 52 6 9 2 2 3 4 2 12 0 42 84
1080 894 1298 2982 0 100 100 9 8 2 3 4 3 8 3 2 3 2 0 23 101
940 894 1377 742 0 100 100 8 8 2 3 8 3 2 3 4 0 64 23 85
1132 894 419 3814 0 100 100 7 8 2 3 8 3 2 3 14 0 43 101
1591 1535 1332 902 0 101 101 7 8 4 2 3 8 3 2 0 0 19 84
1719 1535 1298 2950 0 101 101 8 8 4 2 3 8 3 2 3 2 0 19 101
1675 1535 701 2246 0 101 101 7 8 8 2 3 2 4 3 2 0 18 100
1739 1535 0 3270 0 101 101 5 8 8 2 3 2 12 0 41 84
1579 1535 1377 710 0 101 101 7 8 8 2 3 2 3 4 0 64 19 85
1643 1535 1535 1734 0 101 101 6 8 8 2 3 2 3 6 0 41 101
1707 1535 4 2758 0 101 101 7 8 8 2 3 2 3 4 2 64 19 85
1771 1535 419 3782 0 101 101 6 8 8 2 3 2 3 14 0 41 101
1761 1535 0 3622 0 101 101 6 8 4 3 2 4 3 14 0 42 100
1585 1535 1332 806 0 101 101 7 8 4 3 2 8 3 2 0 0 21 84
1713 1535 1298 2854 0 101 101 8 8 4 3 2 8 3 2 3 2 0 21 101
1669 1535 2596 2150 0 101 101 7 8 8 3 2 2 4 3 2 0 20 100
1733 1535 1166 3174 0 101 101 5 8 8 3 2 2 12 0 42 84
1673 1535 2301 2214 0 101 101 8 8 4 3 2 3 4 32 3 8 2 43 117
1737 1535 2552 3238 0 101 101 7 8 4 3 2 3 4 2 12 64 43 102
1689 1535 204 2470 0 101 101 6 8 4 3 2 3 8 2 64 22 68
1705 1535 701 2726 0 101 101 8 8 4 3 2 3 4 33 2 10 2 43 117
1769 1535 701 3750 0 101 101 7 8 4 3 2 3 4 3 14 64 43 102
1593 1535 1059 934 0 101 101 6 8 4 3 2 3 8 0 64 23 52
1549 1535 701 230 0 101 101 7 8 8 3 2 3 4 2 0 0 22 84
1613 1535 479 1254 0 101 101 5 8 8 3 2 3 4 0 43 68
1677 1535 859 2278 0 101 101 8 8 8 3 2 3 4 2 3 2 0 22 101
1741 1535 792 3302 0 101 101 5 8 8 3 2 3 12 0 43 68
1324 1226 258 1572 64 111 52 9 9 2 2 2 3 4 32 3 2 24 2 57 134
1452 1226 558 3620 64 111 52 9 9 2 2 2 3 4 32 3 2 56 2 57 134
1276 1226 2807 804 64 111 52 8 9 2 2 2 3 4 2 9 0 192 21 69
1404 1226 2952 2852 64 111 52 8 9 2 2 2 3 4 2 9 2 192 21 69
1328 1226 2120 1636 64 111 52 6 9 2 2 2 3 8 6 64 34 68
1428 1226 683 3236 64 111 52 8 9 2 2 2 3 4 33 2 50 2 57 117
1460 1226 620 3748 64 111 52 8 9 2 2 2 3 4 33 2 58 2 57 117
1284 1226 924 932 64 111 52 8 9 2 2 2 3 4 3 8 0 192 23 53
525 489 1377 588 64 111 52 9 9 2 2 3 8 2 2 3 4 0 64 25 85
501 489 2905 204 64 111 52 9 9 2 2 3 8 2 3 4 2 0 0 26 84
934 792 419 2272 2 111 84 8 8 2 3 8 3 2 4 3 2 0 22 100
998 792 0 3296 2 111 84 6 8 2 3 8 3 2 12 0 35 84
838 792 1377 736 2 111 84 8 8 2 3 8 3 2 3 4 0 64 23 85
966 792 4 2784 2 111 84 8 8 2 3 8 3 2 3 4 2 64 23 85
1030 792 419 3808 2 111 84 7 8 2 3 8 3 2 3 14 0 35 101
931 792 2301 2224 2 111 84 8 12 2 3 2 3 4 32 3 8 2 35 117
995 792 2552 3248 2 111 84 7 12 2 3 2 3 4 2 12 64 35 102
819 792 2413 432 2 111 84 6 12 2 3 2 3 8 0 64 22 68
947 792 204 2480 2 111 84 6 12 2 3 2 3 8 2 64 22 68
835 792 620 688 2 111 84 8 12 2 3 2 3 4 33 2 2 2 35 117
963 792 701 2736 2 111 84 8 12 2 3 2 3 4 33 2 10 2 35 117
1027 792 701 3760 2 111 84 7 12 2 3 2 3 4 3 14 64 35 102
851 792 1059 944 2 111 84 6 12 2 3 2 3 8 0 64 23 52
56 0 1332 904 2 111 84 8 8 3 2 4 3 8 3 2 0 0 27 84
184 0 1298 2952 2 111 84 9 8 3 2 4 3 8 3 2 3 2 0 27 101
12 0 1450 200 2 111 84 8 8 3 2 8 3 2 4 2 0 0 26 100
76 0 1376 1224 2 111 84 6 8 3 2 8 3 2 4 0 37 84
140 0 419 2248 2 111 84 8 8 3 2 8 3 2 4 3 2 0 26 100
204 0 0 3272 2 111 84 6 8 3 2 8 3 2 12 0 37 84
44 0 1377 712 2 111 84 8 8 3 2 8 3 2 3 4 0 64 27 85
108 0 1535 1736 2 111 84 7 8 3 2 8 3 2 3 6 0 37 101
172 0 4 2760 2 111 84 8 8 3 2 8 3 2 3 4 2 64 27 85
236 0 419 3784 2 111 84 7 8 3 2 8 3 2 3 14 0 37 101
97 0 894 1560 2 111 84 6 12 3 2 2 4 3 6 0 36 100
161 0 419 2584 2 111 84 8 12 3 2 2 4 3 4 3 2 0 25 100
225 0 0 3608 2 111 84 6 12 3 2 2 4 3 14 0 36 100
49 0 3023 792 2 111 84 7 12 3 2 2 8 3 2 0 0 25 84
177 0 1298 2840 2 111 84 8 12 3 2 2 8 3 2 3 2 0 25 101
25 0 1836 408 2 111 84 6 12 3 2 2 3 8 0 64 26 68
41 0 204 664 2 111 84 8 12 3 2 2 3 4 33 2 2 2 37 117
105 0 11 1688 2 111 84 7 12 3 2 2 3 4 3 6 64 37 102
169 0 701 2712 2 111 84 8 12 3 2 2 3 4 33 2 10 2 37 117
233 0 701 3736 2 111 84 7 12 3 2 2 3 4 3 14 64 37 102
57 0 1059 920 2 111 84 6 12 3 2 2 3 8 0 64 27 52
226 0 558 3624 2 111 84 8 8 3 2 3 4 32 3 2 56 2 59 134
50 0 2807 808 2 111 84 7 8 3 2 3 4 2 9 0 192 29 69
178 0 2952 2856 2 111 84 7 8 3 2 3 4 2 9 2 192 29 69
38 0 1332 616 2 111 84 8 8 3 2 3 8 4 3 2 0 0 29 84
102 0 2120 1640 2 111 84 5 8 3 2 3 8 6 64 38 68
166 0 1298 2664 2 111 84 9 8 3 2 3 8 4 3 2 3 2 0 29 101
230 0 1933 3688 2 111 84 5 8 3 2 3 8 14 64 38 68
234 0 620 3752 2 111 84 7 8 3 2 3 4 33 2 58 2 59 117
58 0 924 936 2 111 84 7 8 3 2 3 4 3 8 0 192 31 53
14 0 701 232 2 111 84 8 8 3 2 3 8 5 2 2 0 0 30 84
78 0 1226 1256 2 111 84 5 8 3 2 3 8 4 64 39 52
142 0 859 2280 2 111 84 9 8 3 2 3 8 5 2 2 3 2 0 30 101
206 0 489 3304 2 111 84 5 8 3 2 3 8 12 64 39 52
67 0 792 1080 2 111 84 6 12 3 2 3 4 2 4 0 38 84
131 0 419 2104 2 111 84 8 12 3 2 3 4 2 4 3 2 0 28 100
195 0 620 3128 2 111 84 6 12 3 2 3 4 2 12 0 38 84
19 0 419 312 2 111 84 7 12 3 2 3 8 2 2 0 0 28 84
35 0 1377 568 2 111 84 8 12 3 2 3 4 2 3 4 0 64 29 85
99 0 348 1592 2 111 84 7 12 3 2 3 4 2 3 6 0 38 101
163 0 3008 2616 2 111 84 8 12 3 2 3 4 2 3 4 2 64 29 85
227 0 419 3640 2 111 84 7 12 3 2 3 4 2 3 14 0 38 101
51 0 2552 824 2 111 84 7 12 3 2 3 8 2 3 0 0 29 68
2254 2120 2596 2150 64 98 68 9 8 3 2 2 3 8 4 2 3 2 0 20 100
2318 2120 2531 3174 64 98 68 6 8 3 2 2 3 8 12 64 42 68
2322 2120 1933 3238 64 98 68 8 8 3 2 2 3 4 33 2 50 2 53 117
2146 2120 37 422 64 98 68 8 8 3 2 2 3 4 3 8 0 192 22 69
2274 2120 2952 2470 64 98 68 8 8 3 2 2 3 4 3 8 2 192 22 69
2354 2120 620 3750 64 98 68 8 8 3 2 2 3 4 33 2 58 2 53 117
2178 2120 924 934 64 98 68 8 8 3 2 2 3 4 3 8 0 192 23 53
2134 2120 701 230 64 98 68 9 8 3 2 2 3 8 5 2 2 0 0 22 84
2198 2120 1226 1254 64 98 68 6 8 3 2 2 3 8 4 64 43 52
2262 2120 859 2278 64 98 68 10 8 3 2 2 3 8 5 2 2 3 2 0 22 101
2326 2120 489 3302 64 98 68 6 8 3 2 2 3 8 12 64 43 52
56 0 1332 910 0 106 100 8 8 3 2 4 3 8 3 2 0 0 27 84
184 0 1298 2958 0 106 100 9 8 3 2 4 3 8 3 2 3 2 0 27 101
140 0 419 2254 0 106 100 8 8 3 2 8 3 2 4 3 2 0 26 100
204 0 0 3278 0 106 100 6 8 3 2 8 3 2 12 0 45 84
44 0 1377 718 0 106 100 8 8 3 2 8 3 2 3 4 0 64 27 85
108 0 1535 1742 0 106 100 7 8 3 2 8 3 2 3 6 0 45 101
172 0 4 2766 0 106 100 8 8 3 2 8 3 2 3 4 2 64 27 85
236 0 419 3790 0 106 100 7 8 3 2 8 3 2 3 14 0 45 101
50 0 2807 814 0 106 100 7 8 3 2 3 4 2 9 0 192 29 69
178 0 2952 2862 0 106 100 7 8 3 2 3 4 2 9 2 192 29 69
14 0 701 238 0 106 100 8 8 3 2 3 8 5 2 2 0 0 30 84
78 0 1226 1262 0 106 100 5 8 3 2 3 8 4 64 47 52
142 0 859 2286 0 106 100 9 8 3 2 3 8 5 2 2 3 2 0 30 101
206 0 489 3310 0 106 100 5 8 3 2 3 8 12 64 47 52
847 620 0 3634 2 105 117 5 12 3 4 2 3 14 0 42 100
799 620 1298 2866 2 105 117 7 12 3 8 2 3 2 3 2 0 21 101
759 620 419 2226 2 105 117 7 12 3 4 3 2 4 3 2 0 22 100
823 620 0 3250 2 105 117 5 12 3 4 3 2 12 0 43 84
775 620 859 2482 2 105 117 7 12 3 8 3 2 2 3 2 0 22 101
679 620 1644 946 2 105 117 6 12 3 8 3 2 3 0 0 23 68
925 701 0 3598 64 105 102 6 8 33 2 8 2 3 14 0 44 100
877 701 1298 2830 64 105 102 8 8 33 2 12 2 3 2 3 2 0 25 101
737 701 3023 590 64 105 102 7 8 3 64 12 2 3 2 0 0 25 84
801 701 1075 1614 64 105 102 3 8 3 64 100 2052 71 84
865 701 1298 2638 64 105 102 8 8 3 64 12 2 3 2 3 2 0 25 101
725 701 2905 398 64 105 102 7 8 33 2 12 3 2 2 0 0 26 84
853 701 859 2446 64 105 102 8 8 33 2 12 3 2 2 3 2 0 26 101
741 701 1377 654 64 105 102 8 8 33 2 8 3 2 3 4 0 64 27 85
805 701 1535 1678 64 105 102 7 8 33 2 8 3 2 3 6 0 45 101
869 701 4 2702 64 105 102 8 8 33 2 8 3 2 3 4 2 64 27 85
933 701 419 3726 64 105 102 7 8 33 2 8 3 2 3 14 0 45 101
757 701 1644 910 64 105 102 7 8 33 2 12 3 2 3 0 0 27 68
777 701 31 1230 64 105 102 3 8 3 64 76 2052 71 84
905 701 2014 3278 64 105 102 3 8 3 64 204 2052 71 84
2159 1933 0 14514 2 125 117 7 12 3 4 3 2 4 3 14 0 38 100
1983 1933 1332 3250 2 125 117 8 12 3 4 3 2 8 3 2 0 0 29 84
2111 1933 1298 11442 2 125 117 9 12 3 4 3 2 8 3 2 3 2 0 29 101
1971 1933 1377 2482 2 125 117 8 12 3 8 3 2 2 3 4 0 64 29 85
2035 1933 348 6578 2 125 117 7 12 3 8 3 2 2 3 6 0 38 101
2099 1933 3008 10674 2 125 117 8 12 3 8 3 2 2 3 4 2 64 29 85
2163 1933 419 14770 2 125 117 7 12 3 8 3 2 2 3 14 0 38 101
1947 1933 701 946 2 125 117 8 12 3 8 3 2 3 4 2 0 0 30 84
2011 1933 479 5042 2 125 117 6 12 3 8 3 2 3 4 0 39 68
2075 1933 859 9138 2 125 117 9 12 3 8 3 2 3 4 2 3 2 0 30 101
2139 1933 792 13234 2 125 117 6 12 3 8 3 2 3 12 0 39 68
464 258 489 13208 2 115 134 3 12 3 8 12 192 43 52
496 258 1750 15256 2 115 134 3 12 3 8 14 192 43 52
602 558 1332 2872 2 115 134 7 13 8 2 3 4 3 2 0 0 27 84
666 558 2120 6968 2 115 134 4 13 8 2 3 6 64 45 68
794 558 1933 15160 2 115 134 4 13 8 2 3 14 64 45 68
616 558 1644 3768 2 115 134 7 13 4 3 8 3 2 3 0 0 31 68
572 558 701 952 2 115 134 7 13 8 3 2 5 2 2 0 0 30 84
636 558 1226 5048 2 115 134 4 13 8 3 2 4 64 47 52
700 558 859 9144 2 115 134 8 13 8 3 2 5 2 2 3 2 0 30 101
764 558 489 13240 2 115 134 4 13 8 3 2 12 64 47 52
1374 1298 249 306 0 91 101 4 4 2 9 2 4 192 45 86
1438 1298 2356 562 0 91 101 5 4 2 9 32 2 8 2 45 100
1502 1298 37 818 0 91 101 4 4 2 9 2 12 192 45 86
1342 1298 683 178 0 91 101 4 4 2 9 2 2 192 45 86
1470 1298 1226 690 0 91 101 4 4 2 9 2 10 192 45 86
1534 1298 1377 946 0 91 101 4 4 2 9 2 14 192 45 86
1429 1298 419 526 0 91 101 6 8 5 2 2 4 3 2 0 28 100
1493 1298 620 782 0 91 101 4 8 5 2 2 12 0 46 84
1445 1298 60 590 0 91 101 6 8 9 2 2 2 3 2 0 28 101
1333 1298 1377 142 0 91 101 6 8 5 2 2 3 4 0 64 29 85
1397 1298 348 398 0 91 101 5 8 5 2 2 3 6 0 46 101
1461 1298 3008 654 0 91 101 6 8 5 2 2 3 4 2 64 29 85
1525 1298 419 910 0 91 101 5 8 5 2 2 3 14 0 46 101
1349 1298 2552 206 0 91 101 5 8 9 2 2 3 0 0 29 68
222 124 258 1572 64 109 52 9 9 2 2 2 3 4 32 3 2 24 2 57 134
350 124 558 3620 64 109 52 9 9 2 2 2 3 4 32 3 2 56 2 57 134
174 124 2807 804 64 109 52 8 9 2 2 2 3 4 2 9 0 192 21 69
302 124 2952 2852 64 109 52 8 9 2 2 2 3 4 2 9 2 192 21 69
2832 2734 258 25166 2052 141 100 10 16 3 2 2 2 3 4 32 3 2 24 2 57 134
2960 2734 558 57934 2052 141 100 10 16 3 2 2 2 3 4 32 3 2 56 2 57 134
2784 2734 2807 12878 2052 141 100 9 16 3 2 2 2 3 4 2 9 0 192 21 69
2912 2734 2952 45646 2052 141 100 9 16 3 2 2 2 3 4 2 9 2 192 21 69
2836 2734 2120 26190 2052 141 100 7 16 3 2 2 2 3 8 6 64 34 68
2936 2734 683 51790 2052 141 100 9 16 3 2 2 2 3 4 33 2 50 2 57 117
2968 2734 620 59982 2052 141 100 9 16 3 2 2 2 3 4 33 2 58 2 57 117
2792 2734 924 14926 2052 141 100 9 16 3 2 2 2 3 4 3 8 0 192 23 53
862 683 2807 2866 192 109 86 4 3 4 2 9 44 960 61 71
886 683 2970 3250 192 109 86 6 3 4 96 9 2 3 50 2 61 100
726 683 1332 690 192 109 86 9 3 4 96 9 2 3 8 3 2 0 0 23 84
742 683 2516 946 192 109 86 4 3 4 2 9 14 960 61 71
832 701 419 2106 2 105 117 7 13 2 5 2 2 4 3 2 0 28 100
896 701 620 3130 2 105 117 5 13 2 5 2 2 12 0 46 84
848 701 60 2362 2 105 117 7 13 2 9 2 2 2 3 2 0 28 101
736 701 1377 570 2 105 117 7 13 2 5 2 2 3 4 0 64 29 85
800 701 348 1594 2 105 117 6 13 2 5 2 2 3 6 0 46 101
864 701 3008 2618 2 105 117 7 13 2 5 2 2 3 4 2 64 29 85
928 701 419 3642 2 105 117 6 13 2 5 2 2 3 14 0 46 101
752 701 2552 826 2 105 117 6 13 2 9 2 2 3 0 0 29 68
2583 2356 0 3640 2 101 100 6 13 2 3 2 4 3 14 0 38 100
2407 2356 1332 824 2 101 100 7 13 2 3 2 8 3 2 0 0 29 84
2535 2356 1298 2872 2 101 100 8 13 2 3 2 8 3 2 3 2 0 29 101
2559 2356 2552 3256 2 101 100 7 13 2 3 2 3 4 2 12 64 39 102
2415 2356 1059 952 2 101 100 6 13 2 3 2 3 8 0 64 31 52
2358 2301 1059 920 2 105 117 4 2 12 3 8 0 192 27 52
2486 2301 348 2968 2 105 117 4 2 12 3 8 2 192 27 52
2480 2301 204 2872 2 105 117 5 2 13 8 2 3 2 64 29 68
2536 2301 1933 3768 2 105 117 4 2 13 4 3 14 64 39 68
2360 2301 1059 952 2 105 117 5 2 13 8 3 2 0 64 31 52
739 683 1332 3634 2 121 117 8 12 3 4 2 3 8 3 2 0 0 27 84
867 683 1298 11826 2 121 117 9 12 3 4 2 3 8 3 2 3 2 0 27 101
727 683 1377 2866 2 121 117 8 12 3 8 2 3 2 3 4 0 64 27 85
791 683 1535 6962 2 121 117 7 12 3 8 2 3 2 3 6 0 37 101
855 683 4 11058 2 121 117 8 12 3 8 2 3 2 3 4 2 64 27 85
919 683 419 15154 2 121 117 7 12 3 8 2 3 2 3 14 0 37 101
909 683 0 14514 2 121 117 7 12 3 4 3 2 4 3 14 0 38 100
733 683 1332 3250 2 121 117 8 12 3 4 3 2 8 3 2 0 0 29 84
861 683 1298 11442 2 121 117 9 12 3 4 3 2 8 3 2 3 2 0 29 101
721 683 1377 2482 2 121 117 8 12 3 8 3 2 2 3 4 0 64 29 85
785 683 348 6578 2 121 117 7 12 3 8 3 2 2 3 6 0 38 101
849 683 3008 10674 2 121 117 8 12 3 8 3 2 2 3 4 2 64 29 85
913 683 419 14770 2 121 117 7 12 3 8 3 2 2 3 14 0 38 101
697 683 701 946 2 121 117 8 12 3 8 3 2 3 4 2 0 0 30 84
761 683 479 5042 2 121 117 6 12 3 8 3 2 3 4 0 39 68
825 683 859 9138 2 121 117 9 12 3 8 3 2 3 4 2 3 2 0 30 101
889 683 792 13234 2 121 117 6 12 3 8 3 2 3 12 0 39 68
2972 2793 1298 718 128 90 101 7 8 9 2 2 3 2 3 2 0 29 101
2852 2793 1644 238 128 90 101 6 8 9 2 3 2 3 0 0 31 68
2691 2552 419 556 128 91 68 8 8 2 3 4 3 2 4 3 2 0 22 100
2755 2552 0 812 128 91 68 6 8 2 3 4 3 2 12 0 43 84
2707 2552 859 620 128 91 68 8 8 2 3 8 3 2 2 3 2 0 22 101
2611 2552 1644 236 128 91 68 7 8 2 3 8 3 2 3 0 0 23 68
18 4 701 58 64 91 85 7 33 2 13 2 5 2 2 0 0 30 84
82 4 1226 314 64 91 85 4 33 2 13 2 4 64 47 52
146 4 859 570 64 91 85 8 33 2 13 2 5 2 2 3 2 0 30 101
210 4 489 826 64 91 85 4 33 2 13 2 12 64 47 52
135 4 419 526 64 91 85 7 3 8 33 2 8 2 3 2 0 28 100
199 4 2356 782 64 91 85 4 3 8 33 2 48 2 63 84
151 4 2187 590 64 91 85 4 3 8 3 64 36 2052 63 84
39 4 1332 142 64 91 85 7 3 8 33 2 8 3 2 0 0 29 84
103 4 2793 398 64 91 85 4 3 8 33 2 24 2 63 84
167 4 1298 654 64 91 85 8 3 8 33 2 8 3 2 3 2 0 29 101
231 4 1707 910 64 91 85 4 3 8 33 2 56 2 63 84
55 4 1971 206 64 91 85 4 3 8 3 64 12 2052 63 84
978 816 419 2596 192 111 70 9 64 12 2 3 2 4 3 4 3 2 0 21 100
1042 816 620 3620 192 111 70 7 64 12 2 3 2 4 3 14 0 34 100
866 816 1332 804 192 111 70 8 64 12 2 3 2 8 3 2 0 0 21 84
994 816 1298 2852 192 111 70 9 64 12 2 3 2 8 3 2 3 2 0 21 101
918 816 419 1636 192 111 70 7 64 16 2 3 2 2 3 6 0 34 101
954 816 2301 2212 192 111 70 9 64 12 2 3 2 3 4 32 3 8 2 35 117
1018 816 2552 3236 192 111 70 8 64 12 2 3 2 3 4 2 12 64 35 102
842 816 2413 420 192 111 70 7 64 12 2 3 2 3 8 0 64 22 68
970 816 204 2468 192 111 70 7 64 12 2 3 2 3 8 2 64 22 68
858 816 620 676 192 111 70 9 64 12 2 3 2 3 4 33 2 2 2 35 117
986 816 701 2724 192 111 70 9 64 12 2 3 2 3 4 33 2 10 2 35 117
1050 816 701 3748 192 111 70 8 64 12 2 3 2 3 4 3 14 64 35 102
874 816 1059 932 192 111 70 7 64 12 2 3 2 3 8 0 64 23 52
176 0 419 2828 0 105 84 8 8 3 2 4 2 9 2 3 2 0 25 100
100 0 894 1612 0 105 84 6 8 3 2 8 2 3 6 0 36 100
164 0 419 2636 0 105 84 8 8 3 2 8 2 3 4 3 2 0 25 100
228 0 0 3660 0 105 84 6 8 3 2 8 2 3 14 0 36 100
56 0 1332 908 0 105 84 8 8 3 2 4 3 8 3 2 0 0 27 84
184 0 1298 2956 0 105 84 9 8 3 2 4 3 8 3 2 3 2 0 27 101
44 0 1377 716 0 105 84 8 8 3 2 8 3 2 3 4 0 64 27 85
108 0 1535 1740 0 105 84 7 8 3 2 8 3 2 3 6 0 37 101
172 0 4 2764 0 105 84 8 8 3 2 8 3 2 3 4 2 64 27 85
236 0 419 3788 0 105 84 7 8 3 2 8 3 2 3 14 0 37 101
226 0 558 3628 0 105 84 8 8 3 2 3 4 32 3 2 56 2 59 134
50 0 2807 812 0 105 84 7 8 3 2 3 4 2 9 0 192 29 69
178 0 2952 2860 0 105 84 7 8 3 2 3 4 2 9 2 192 29 69
134 0 419 2156 0 105 84 8 8 3 2 3 8 4 2 3 2 0 28 100
198 0 2531 3180 0 105 84 5 8 3 2 3 8 12 64 38 68
38 0 1332 620 0 105 84 8 8 3 2 3 8 4 3 2 0 0 29 84
102 0 2120 1644 0 105 84 5 8 3 2 3 8 6 64 38 68
166 0 1298 2668 0 105 84 9 8 3 2 3 8 4 3 2 3 2 0 29 101
230 0 1933 3692 0 105 84 5 8 3 2 3 8 14 64 38 68
234 0 620 3756 0 105 84 7 8 3 2 3 4 33 2 58 2 59 117
58 0 924 940 0 105 84 7 8 3 2 3 4 3 8 0 192 31 53
14 0 701 236 0 105 84 8 8 3 2 3 8 5 2 2 0 0 30 84
78 0 1226 1260 0 105 84 5 8 3 2 3 8 4 64 39 52
142 0 859 2284 0 105 84 9 8 3 2 3 8 5 2 2 3 2 0 30 101
206 0 489 3308 0 105 84 5 8 3 2 3 8 12 64 39 52
2272 2120 701 2438 64 102 68 9 8 3 2 2 4 3 8 2 3 2 0 18 100
2352 2120 0 3718 64 102 68 8 8 3 2 2 4 3 4 3 14 0 41 100
2176 2120 1332 902 64 102 68 9 8 3 2 2 4 3 8 3 2 0 0 19 84
2304 2120 1298 2950 64 102 68 10 8 3 2 2 4 3 8 3 2 3 2 0 19 101
2260 2120 701 2246 64 102 68 9 8 3 2 2 8 3 2 4 3 2 0 18 100
2324 2120 0 3270 64 102 68 7 8 3 2 2 8 3 2 12 0 41 84
2164 2120 1377 710 64 102 68 9 8 3 2 2 8 3 2 3 4 0 64 19 85
2228 2120 1535 1734 64 102 68 8 8 3 2 2 8 3 2 3 6 0 41 101
2292 2120 4 2758 64 102 68 9 8 3 2 2 8 3 2 3 4 2 64 19 85
2356 2120 419 3782 64 102 68 8 8 3 2 2 8 3 2 3 14 0 41 101
2077 1933 419 2318 64 102 68 9 8 3 2 3 4 2 8 2 3 2 0 24 100
2157 1933 0 3598 64 102 68 8 8 3 2 3 4 2 4 3 14 0 44 100
2109 1933 1298 2830 64 102 68 10 8 3 2 3 4 2 8 3 2 3 2 0 25 101
2129 1933 0 3150 64 102 68 7 8 3 2 3 8 2 2 12 0 44 84
2069 1933 2301 2190 64 102 68 10 8 3 2 3 4 2 3 4 32 3 8 2 45 117
2133 1933 2552 3214 64 102 68 9 8 3 2 3 4 2 3 4 2 12 64 45 102
1957 1933 1836 398 64 102 68 8 8 3 2 3 4 2 3 8 0 64 26 68
2085 1933 204 2446 64 102 68 8 8 3 2 3 4 2 3 8 2 64 26 68
1973 1933 204 654 64 102 68 10 8 3 2 3 4 2 3 4 33 2 2 2 45 117
2101 1933 701 2702 64 102 68 10 8 3 2 3 4 2 3 4 33 2 10 2 45 117
2165 1933 701 3726 64 102 68 9 8 3 2 3 4 2 3 4 3 14 64 45 102
1989 1933 1059 910 64 102 68 8 8 3 2 3 4 2 3 8 0 64 27 52
2009 1933 652 1230 64 102 68 7 8 3 2 3 8 2 3 4 0 45 68
2137 1933 2301 3278 64 102 68 7 8 3 2 3 8 2 3 12 0 45 68
782 546 37 15154 192 125 103 4 4 2 9 2 236 960 77 88
596 546 1332 3250 192 125 103 9 4 96 9 2 3 12 2 3 2 0 0 29 84
724 546 1298 11442 192 125 103 10 4 96 9 2 3 12 2 3 2 3 2 0 29 101
684 546 419 8882 192 125 103 10 4 96 9 2 3 8 3 2 4 3 2 0 30 100
748 546 0 12978 192 125 103 8 4 96 9 2 3 8 3 2 12 0 39 84
560 546 792 946 192 125 103 8 4 2 9 96 3 8 3 2 0 2 39 84
624 546 1303 5042 192 125 103 4 4 2 9 2 78 960 77 88
688 546 0 9138 192 125 103 8 4 2 9 96 3 8 3 2 8 2 39 84
2454 2356 258 6320 2 127 84 9 12 2 3 2 3 4 32 3 2 24 2 51 134
2582 2356 558 14512 2 127 84 9 12 2 3 2 3 4 32 3 2 56 2 51 134
2406 2356 2807 3248 2 127 84 8 12 2 3 2 3 4 2 9 0 192 29 69
2534 2356 2952 11440 2 127 84 8 12 2 3 2 3 4 2 9 2 192 29 69
2490 2356 419 8624 2 127 84 9 12 2 3 2 3 8 4 2 3 2 0 28 100
2554 2356 2531 12720 2 127 84 6 12 2 3 2 3 8 12 64 38 68
2394 2356 1332 2480 2 127 84 9 12 2 3 2 3 8 4 3 2 0 0 29 84
2458 2356 2120 6576 2 127 84 6 12 2 3 2 3 8 6 64 38 68
2522 2356 1298 10672 2 127 84 10 12 2 3 2 3 8 4 3 2 3 2 0 29 101
2586 2356 1933 14768 2 127 84 6 12 2 3 2 3 8 14 64 38 68
2558 2356 683 12976 2 127 84 8 12 2 3 2 3 4 33 2 50 2 51 117
2590 2356 620 15024 2 127 84 8 12 2 3 2 3 4 33 2 58 2 51 117
2414 2356 924 3760 2 127 84 8 12 2 3 2 3 4 3 8 0 192 31 53
2370 2356 701 944 2 127 84 9 12 2 3 2 3 8 5 2 2 0 0 30 84
2434 2356 1226 5040 2 127 84 6 12 2 3 2 3 8 4 64 39 52
2498 2356 859 9136 2 127 84 10 12 2 3 2 3 8 5 2 2 3 2 0 30 101
2562 2356 489 13232 2 127 84 6 12 2 3 2 3 8 12 64 39 52
844 620 0 14394 2 121 117 7 13 2 5 2 2 4 3 14 0 44 100
796 620 1298 11322 2 121 117 9 13 2 5 2 2 8 3 2 3 2 0 25 101
656 620 1377 2362 2 121 117 8 13 2 9 2 2 2 3 4 0 64 25 85
720 620 419 6458 2 121 117 7 13 2 9 2 2 2 3 6 0 44 101
784 620 4 10554 2 121 117 8 13 2 9 2 2 2 3 4 2 64 25 85
756 620 2301 8762 2 121 117 9 13 2 5 2 2 3 4 32 3 8 2 45 117
820 620 2552 12858 2 121 117 8 13 2 5 2 2 3 4 2 12 64 45 102
644 620 1836 1594 2 121 117 7 13 2 5 2 2 3 8 0 64 26 68
772 620 204 9786 2 121 117 7 13 2 5 2 2 3 8 2 64 26 68
660 620 204 2618 2 121 117 9 13 2 5 2 2 3 4 33 2 2 2 45 117
788 620 701 10810 2 121 117 9 13 2 5 2 2 3 4 33 2 10 2 45 117
852 620 701 14906 2 121 117 8 13 2 5 2 2 3 4 3 14 64 45 102
676 620 1059 3642 2 121 117 7 13 2 5 2 2 3 8 0 64 27 52
696 620 652 4922 2 121 117 6 13 2 9 2 2 3 4 0 45 68
824 620 2301 13114 2 121 117 6 13 2 9 2 2 3 12 0 45 68
165 109 1332 3640 2 117 100 9 13 2 3 2 4 3 8 3 2 0 0 27 84
293 109 1298 11832 2 117 100 10 13 2 3 2 4 3 8 3 2 3 2 0 27 101
249 109 419 9016 2 117 100 9 13 2 3 2 8 3 2 4 3 2 0 26 100
313 109 0 13112 2 117 100 7 13 2 3 2 8 3 2 12 0 45 84
153 109 1377 2872 2 117 100 9 13 2 3 2 8 3 2 3 4 0 64 27 85
217 109 1535 6968 2 117 100 8 13 2 3 2 8 3 2 3 6 0 45 101
281 109 4 11064 2 117 100 9 13 2 3 2 8 3 2 3 4 2 64 27 85
345 109 419 15160 2 117 100 8 13 2 3 2 8 3 2 3 14 0 45 101
159 109 2807 3256 2 117 100 8 13 2 3 2 3 4 2 9 0 192 29 69
287 109 2952 11448 2 117 100 8 13 2 3 2 3 4 2 9 2 192 29 69
123 109 701 952 2 117 100 9 13 2 3 2 3 8 5 2 2 0 0 30 84
187 109 1226 5048 2 117 100 6 13 2 3 2 3 8 4 64 47 52
251 109 859 9144 2 117 100 10 13 2 3 2 3 8 5 2 2 3 2 0 30 101
315 109 489 13240 2 117 100 6 13 2 3 2 3 8 12 64 47 52
3052 3008 1332 178 64 85 85 7 33 2 12 3 4 3 2 0 0 27 84
3116 3008 2120 434 64 85 85 4 33 2 12 3 6 64 45 68
3244 3008 1933 946 64 85 85 4 33 2 12 3 14 64 45 68
3185 3008 1226 710 64 85 85 4 3 8 2 2 44 192 54 103
3033 3008 1434 102 64 85 85 4 3 8 2 65 6 2052 54 100
3022 3008 701 58 64 85 85 7 33 2 13 2 5 2 2 0 0 30 84
3086 3008 1226 314 64 85 85 4 33 2 13 2 4 64 47 52
3150 3008 859 570 64 85 85 8 33 2 13 2 5 2 2 3 2 0 30 101
3214 3008 489 826 64 85 85 4 33 2 13 2 12 64 47 52
3139 3008 419 526 64 85 85 7 3 8 33 2 8 2 3 2 0 28 100
3203 3008 2356 782 64 85 85 4 3 8 33 2 48 2 55 84
3155 3008 2187 590 64 85 85 4 3 8 3 64 36 2052 55 84
3107 3008 2793 398 64 85 85 4 3 8 33 2 24 2 55 84
3171 3008 1298 654 64 85 85 8 3 8 33 2 8 3 2 3 2 0 29 101
3235 3008 1707 910 64 85 85 4 3 8 33 2 56 2 55 84
3059 3008 1971 206 64 85 85 4 3 8 3 64 12 2052 55 84
602 558 1332 2872 2 121 134 7 13 8 2 3 4 3 2 0 0 27 84
666 558 2120 6968 2 121 134 4 13 8 2 3 6 64 45 68
794 558 1933 15160 2 121 134 4 13 8 2 3 14 64 45 68
616 558 1644 3768 2 121 134 7 13 4 3 8 3 2 3 0 0 31 68
572 558 701 952 2 121 134 7 13 8 3 2 5 2 2 0 0 30 84
636 558 1226 5048 2 121 134 4 13 8 3 2 4 64 47 52
700 558 859 9144 2 121 134 8 13 8 3 2 5 2 2 3 2 0 30 101
764 558 489 13240 2 121 134 4 13 8 3 2 12 64 47 52
978 816 419 2596 192 103 70 9 64 12 2 3 2 4 3 4 3 2 0 21 100
1042 816 620 3620 192 103 70 7 64 12 2 3 2 4 3 14 0 34 100
866 816 1332 804 192 103 70 8 64 12 2 3 2 8 3 2 0 0 21 84
994 816 1298 2852 192 103 70 9 64 12 2 3 2 8 3 2 3 2 0 21 101
918 816 419 1636 192 103 70 7 64 16 2 3 2 2 3 6 0 34 101
954 816 2301 2212 192 103 70 9 64 12 2 3 2 3 4 32 3 8 2 35 117
1018 816 2552 3236 192 103 70 8 64 12 2 3 2 3 4 2 12 64 35 102
842 816 2413 420 192 103 70 7 64 12 2 3 2 3 8 0 64 22 68
970 816 204 2468 192 103 70 7 64 12 2 3 2 3 8 2 64 22 68
858 816 620 676 192 103 70 9 64 12 2 3 2 3 4 33 2 2 2 35 117
986 816 701 2724 192 103 70 9 64 12 2 3 2 3 4 33 2 10 2 35 117
1050 816 701 3748 192 103 70 8 64 12 2 3 2 3 4 3 14 64 35 102
874 816 1059 932 192 103 70 7 64 12 2 3 2 3 8 0 64 23 52
310 274 1377 588 192 103 70 8 64 16 3 2 2 2 3 4 0 64 25 85
286 274 2905 204 192 103 70 8 64 16 3 2 2 3 4 2 0 0 26 84
60 16 1377 718 128 106 101 8 8 9 2 2 3 2 3 4 0 64 27 85
124 16 1535 1742 128 106 101 7 8 9 2 2 3 2 3 6 0 45 101
188 16 4 2766 128 106 101 8 8 9 2 2 3 2 3 4 2 64 27 85
252 16 419 3790 128 106 101 7 8 9 2 2 3 2 3 14 0 45 101
30 16 701 238 128 106 101 8 8 9 2 3 2 3 4 2 0 0 30 84
158 16 859 2286 128 106 101 9 8 9 2 3 2 3 4 2 3 2 0 30 101
2527 2301 0 3628 128 107 68 8 8 2 3 4 3 2 4 3 14 0 38 100
2351 2301 1332 812 128 107 68 9 8 2 3 4 3 2 8 3 2 0 0 29 84
2479 2301 1298 2860 128 107 68 10 8 2 3 4 3 2 8 3 2 3 2 0 29 101
2339 2301 1377 620 128 107 68 9 8 2 3 8 3 2 2 3 4 0 64 29 85
2403 2301 348 1644 128 107 68 8 8 2 3 8 3 2 2 3 6 0 38 101
2467 2301 3008 2668 128 107 68 9 8 2 3 8 3 2 2 3 4 2 64 29 85
2531 2301 419 3692 128 107 68 8 8 2 3 8 3 2 2 3 14 0 38 101
2315 2301 701 236 128 107 68 9 8 2 3 8 3 2 3 4 2 0 0 30 84
2379 2301 479 1260 128 107 68 7 8 2 3 8 3 2 3 4 0 39 68
2443 2301 859 2284 128 107 68 10 8 2 3 8 3 2 3 4 2 3 2 0 30 101
2507 2301 792 3308 128 107 68 7 8 2 3 8 3 2 3 12 0 39 68
925 701 0 3598 64 107 102 6 8 33 2 8 2 3 14 0 44 100
877 701 1298 2830 64 107 102 8 8 33 2 12 2 3 2 3 2 0 25 101
737 701 3023 590 64 107 102 7 8 3 64 12 2 3 2 0 0 25 84
801 701 1075 1614 64 107 102 3 8 3 64 100 2052 79 84
865 701 1298 2638 64 107 102 8 8 3 64 12 2 3 2 3 2 0 25 101
837 701 419 2190 64 107 102 8 8 33 2 8 3 2 4 3 2 0 26 100
901 701 0 3214 64 107 102 6 8 33 2 8 3 2 12 0 45 84
725 701 2905 398 64 107 102 7 8 33 2 12 3 2 2 0 0 26 84
853 701 859 2446 64 107 102 8 8 33 2 12 3 2 2 3 2 0 26 101
741 701 1377 654 64 107 102 8 8 33 2 8 3 2 3 4 0 64 27 85
805 701 1535 1678 64 107 102 7 8 33 2 8 3 2 3 6 0 45 101
869 701 4 2702 64 107 102 8 8 33 2 8 3 2 3 4 2 64 27 85
933 701 419 3726 64 107 102 7 8 33 2 8 3 2 3 14 0 45 101
757 701 1644 910 64 107 102 7 8 33 2 12 3 2 3 0 0 27 68
777 701 31 1230 64 107 102 3 8 3 64 76 2052 79 84
841 701 859 2254 64 107 102 8 8 3 64 12 3 2 2 3 2 0 26 101
905 701 2014 3278 64 107 102 3 8 3 64 204 2052 79 84
2757 2531 558 3628 64 109 68 9 8 2 3 2 3 4 32 3 2 56 2 59 134
2581 2531 2807 812 64 109 68 8 8 2 3 2 3 4 2 9 0 192 29 69
2709 2531 2952 2860 64 109 68 8 8 2 3 2 3 4 2 9 2 192 29 69
2665 2531 419 2156 64 109 68 9 8 2 3 2 3 8 4 2 3 2 0 28 100
2729 2531 2531 3180 64 109 68 6 8 2 3 2 3 8 12 64 38 68
2569 2531 1332 620 64 109 68 9 8 2 3 2 3 8 4 3 2 0 0 29 84
2633 2531 2120 1644 64 109 68 6 8 2 3 2 3 8 6 64 38 68
2697 2531 1298 2668 64 109 68 10 8 2 3 2 3 8 4 3 2 3 2 0 29 101
2761 2531 1933 3692 64 109 68 6 8 2 3 2 3 8 14 64 38 68
2765 2531 620 3756 64 109 68 8 8 2 3 2 3 4 33 2 58 2 59 117
2589 2531 924 940 64 109 68 8 8 2 3 2 3 4 3 8 0 192 31 53
2545 2531 701 236 64 109 68 9 8 2 3 2 3 8 5 2 2 0 0 30 84
2609 2531 1226 1260 64 109 68 6 8 2 3 2 3 8 4 64 39 52
2673 2531 859 2284 64 109 68 10 8 2 3 2 3 8 5 2 2 3 2 0 30 101
2737 2531 489 3308 64 109 68 6 8 2 3 2 3 8 12 64 39 52
2419 2187 0 14884 2052 127 84 8 12 2 3 2 4 3 4 3 14 0 37 100
2371 2187 1298 11812 2052 127 84 10 12 2 3 2 4 3 8 3 2 3 2 0 27 101
2199 2187 1450 804 2052 127 84 9 12 2 3 2 8 3 2 4 2 0 0 26 100
2263 2187 1376 4900 2052 127 84 7 12 2 3 2 8 3 2 4 0 37 84
2327 2187 419 8996 2052 127 84 9 12 2 3 2 8 3 2 4 3 2 0 26 100
2391 2187 0 13092 2052 127 84 7 12 2 3 2 8 3 2 12 0 37 84
2231 2187 1377 2852 2052 127 84 9 12 2 3 2 8 3 2 3 4 0 64 27 85
2295 2187 1535 6948 2052 127 84 8 12 2 3 2 8 3 2 3 6 0 37 101
2359 2187 4 11044 2052 127 84 9 12 2 3 2 8 3 2 3 4 2 64 27 85
2423 2187 419 15140 2052 127 84 8 12 2 3 2 8 3 2 3 14 0 37 101
2340 2187 204 9828 2052 127 84 7 16 2 3 2 2 3 8 2 64 26 68
2285 2187 258 6308 2052 127 84 9 12 2 3 2 3 4 32 3 2 24 2 51 134
2413 2187 558 14500 2052 127 84 9 12 2 3 2 3 4 32 3 2 56 2 51 134
2237 2187 2807 3236 2052 127 84 8 12 2 3 2 3 4 2 9 0 192 29 69
2365 2187 2952 11428 2052 127 84 8 12 2 3 2 3 4 2 9 2 192 29 69
2321 2187 419 8612 2052 127 84 9 12 2 3 2 3 8 4 2 3 2 0 28 100
2385 2187 2531 12708 2052 127 84 6 12 2 3 2 3 8 12 64 38 68
2225 2187 1332 2468 2052 127 84 9 12 2 3 2 3 8 4 3 2 0 0 29 84
2289 2187 2120 6564 2052 127 84 6 12 2 3 2 3 8 6 64 38 68
2353 2187 1298 10660 2052 127 84 10 12 2 3 2 3 8 4 3 2 3 2 0 29 101
2417 2187 1933 14756 2052 127 84 6 12 2 3 2 3 8 14 64 38 68
2389 2187 683 12964 2052 127 84 8 12 2 3 2 3 4 33 2 50 2 51 117
2421 2187 620 15012 2052 127 84 8 12 2 3 2 3 4 33 2 58 2 51 117
2245 2187 924 3748 2052 127 84 8 12 2 3 2 3 4 3 8 0 192 31 53
2201 2187 701 932 2052 127 84 9 12 2 3 2 3 8 5 2 2 0 0 30 84
2265 2187 1226 5028 2052 127 84 6 12 2 3 2 3 8 4 64 39 52
2329 2187 859 9124 2052 127 84 10 12 2 3 2 3 8 5 2 2 3 2 0 30 101
2393 2187 489 13220 2052 127 84 6 12 2 3 2 3 8 12 64 39 52
1851 1707 419 9272 2 127 84 9 12 3 2 3 4 2 8 2 3 2 0 24 100
1931 1707 0 14392 2 127 84 8 12 3 2 3 4 2 4 3 14 0 44 100
1883 1707 1298 11320 2 127 84 10 12 3 2 3 4 2 8 3 2 3 2 0 25 101
1903 1707 0 12600 2 127 84 7 12 3 2 3 8 2 2 12 0 44 84
1843 1707 2301 8760 2 127 84 10 12 3 2 3 4 2 3 4 32 3 8 2 45 117
1907 1707 2552 12856 2 127 84 9 12 3 2 3 4 2 3 4 2 12 64 45 102
1731 1707 1836 1592 2 127 84 8 12 3 2 3 4 2 3 8 0 64 26 68
1859 1707 204 9784 2 127 84 8 12 3 2 3 4 2 3 8 2 64 26 68
1747 1707 204 2616 2 127 84 10 12 3 2 3 4 2 3 4 33 2 2 2 45 117
1875 1707 701 10808 2 127 84 10 12 3 2 3 4 2 3 4 33 2 10 2 45 117
1939 1707 701 14904 2 127 84 9 12 3 2 3 4 2 3 4 3 14 64 45 102
1763 1707 1059 3640 2 127 84 8 12 3 2 3 4 2 3 8 0 64 27 52
1783 1707 652 4920 2 127 84 7 12 3 2 3 8 2 3 4 0 45 68
1911 1707 2301 13112 2 127 84 7 12 3 2 3 8 2 3 12 0 45 68
464 258 489 13208 2 121 134 3 12 3 8 12 192 43 52
496 258 1750 15256 2 121 134 3 12 3 8 14 192 43 52
1872 1644 0 912 0 91 68 5 4 2 8 2 3 14 0 40 100
1700 1644 1332 224 0 91 68 7 4 2 4 3 8 3 2 0 0 19 84
1828 1644 1298 736 0 91 68 8 4 2 4 3 8 3 2 3 2 0 19 101
1688 1644 1377 176 0 91 68 7 4 2 8 3 2 3 4 0 64 19 85
1752 1644 1535 432 0 91 68 6 4 2 8 3 2 3 6 0 41 101
1816 1644 4 688 0 91 68 7 4 2 8 3 2 3 4 2 64 19 85
1880 1644 419 944 0 91 68 6 4 2 8 3 2 3 14 0 41 101
1821 1644 1298 708 0 91 68 7 8 2 2 8 3 2 3 2 0 17 101
1870 1644 558 904 0 91 68 7 4 2 3 4 32 3 2 56 2 61 134
1694 1644 2807 200 0 91 68 6 4 2 3 4 2 9 0 192 21 69
1822 1644 2952 712 0 91 68 6 4 2 3 4 2 9 2 192 21 69
1778 1644 2596 536 0 91 68 7 4 2 3 8 4 2 3 2 0 20 100
1842 1644 2531 792 0 91 68 4 4 2 3 8 12 64 42 68
1682 1644 1332 152 0 91 68 7 4 2 3 8 4 3 2 0 0 21 84
1746 1644 2120 408 0 91 68 4 4 2 3 8 6 64 42 68
1810 1644 1298 664 0 91 68 8 4 2 3 8 4 3 2 3 2 0 21 101
1874 1644 1933 920 0 91 68 4 4 2 3 8 14 64 42 68
1846 1644 1933 808 0 91 68 6 4 2 3 4 33 2 50 2 61 117
1878 1644 620 936 0 91 68 6 4 2 3 4 33 2 58 2 61 117
1702 1644 924 232 0 91 68 6 4 2 3 4 3 8 0 192 23 53
1658 1644 701 56 0 91 68 7 4 2 3 8 5 2 2 0 0 22 84
1722 1644 1226 312 0 91 68 4 4 2 3 8 4 64 43 52
1786 1644 859 568 0 91 68 8 4 2 3 8 5 2 2 3 2 0 22 101
1850 1644 489 824 0 91 68 4 4 2 3 8 12 64 43 52
1791 1644 1298 588 0 91 68 7 8 2 3 8 2 2 3 2 0 20 101
1695 1644 2413 204 0 91 68 6 8 2 3 8 2 3 0 0 21 68
1992 1933 1377 3788 448 123 87 7 2 9 2 128 9 2 3 14 4 53 100
182 42 419 9004 448 123 87 10 96 9 2 3 12 2 3 2 4 3 2 0 26 100
246 42 0 13100 448 123 87 8 96 9 2 3 12 2 3 2 12 0 45 84
86 42 1377 2860 448 123 87 10 96 9 2 3 12 2 3 2 3 4 0 64 27 85
150 42 1535 6956 448 123 87 9 96 9 2 3 12 2 3 2 3 6 0 45 101
214 42 4 11052 448 123 87 10 96 9 2 3 12 2 3 2 3 4 2 64 27 85
278 42 419 15148 448 123 87 9 96 9 2 3 12 2 3 2 3 14 0 45 101
268 42 0 14508 448 123 87 9 96 9 2 3 8 3 2 4 3 14 0 46 100
92 42 1332 3244 448 123 87 10 96 9 2 3 8 3 2 8 3 2 0 0 29 84
220 42 1298 11436 448 123 87 11 96 9 2 3 8 3 2 8 3 2 3 2 0 29 101
173 42 419 8428 448 123 87 10 2 9 96 3 8 3 2 8 2 3 2 0 28 100
237 42 2356 12524 448 123 87 7 2 9 96 3 8 3 2 48 2 55 84
189 42 2356 9452 448 123 87 7 2 9 2 129 8 3 2 36 4 55 84
141 42 2793 6380 448 123 87 7 2 9 96 3 8 3 2 24 2 55 84
205 42 1298 10476 448 123 87 11 2 9 96 3 8 3 2 8 3 2 3 2 0 29 101
269 42 1707 14572 448 123 87 7 2 9 96 3 8 3 2 56 2 55 84
1568 1332 0 944 0 85 84 5 4 2 9 2 3 14 0 41 100
1485 1332 701 612 0 85 84 6 8 2 3 8 2 3 2 0 18 100
1565 1332 0 932 0 85 84 5 8 2 3 4 3 14 0 41 100
1389 1332 1332 228 0 85 84 6 8 2 3 8 3 2 0 0 19 84
1517 1332 1298 740 0 85 84 7 8 2 3 8 3 2 3 2 0 19 101
1474 1332 419 568 0 85 84 7 4 3 8 3 2 4 3 2 0 22 100
1538 1332 0 824 0 85 84 5 4 3 8 3 2 12 0 43 84
1378 1332 1377 184 0 85 84 7 4 3 8 3 2 3 4 0 64 23 85
1570 1332 419 952 0 85 84 6 4 3 8 3 2 3 14 0 43 101
1471 1332 2301 556 0 85 84 7 8 3 2 3 4 32 3 8 2 43 117
1535 1332 2552 812 0 85 84 6 8 3 2 3 4 2 12 64 43 102
1359 1332 2413 108 0 85 84 5 8 3 2 3 8 0 64 22 68
1487 1332 204 620 0 85 84 5 8 3 2 3 8 2 64 22 68
1503 1332 701 684 0 85 84 7 8 3 2 3 4 33 2 10 2 43 117
1567 1332 701 940 0 85 84 6 8 3 2 3 4 3 14 64 43 102
1391 1332 1059 236 0 85 84 5 8 3 2 3 8 0 64 23 52
343 204 419 2226 2 101 117 7 12 3 4 3 2 4 3 2 0 22 100
407 204 0 3250 2 101 117 5 12 3 4 3 2 12 0 43 84
359 204 859 2482 2 101 117 7 12 3 8 3 2 2 3 2 0 22 101
263 204 1644 946 2 101 117 6 12 3 8 3 2 3 0 0 23 68
832 701 419 2106 2 101 117 7 13 2 5 2 2 4 3 2 0 28 100
896 701 620 3130 2 101 117 5 13 2 5 2 2 12 0 46 84
848 701 60 2362 2 101 117 7 13 2 9 2 2 2 3 2 0 28 101
736 701 1377 570 2 101 117 7 13 2 5 2 2 3 4 0 64 29 85
800 701 348 1594 2 101 117 6 13 2 5 2 2 3 6 0 46 101
864 701 3008 2618 2 101 117 7 13 2 5 2 2 3 4 2 64 29 85
928 701 419 3642 2 101 117 6 13 2 5 2 2 3 14 0 46 101
752 701 2552 826 2 101 117 6 13 2 9 2 2 3 0 0 29 68
925 701 0 3598 64 101 102 6 8 33 2 8 2 3 14 0 44 100
877 701 1298 2830 64 101 102 8 8 33 2 12 2 3 2 3 2 0 25 101
737 701 3023 590 64 101 102 7 8 3 64 12 2 3 2 0 0 25 84
801 701 1075 1614 64 101 102 3 8 3 64 100 2052 71 84
865 701 1298 2638 64 101 102 8 8 3 64 12 2 3 2 3 2 0 25 101
725 701 2905 398 64 101 102 7 8 33 2 12 3 2 2 0 0 26 84
853 701 859 2446 64 101 102 8 8 33 2 12 3 2 2 3 2 0 26 101
741 701 1377 654 64 101 102 8 8 33 2 8 3 2 3 4 0 64 27 85
805 701 1535 1678 64 101 102 7 8 33 2 8 3 2 3 6 0 45 101
869 701 4 2702 64 101 102 8 8 33 2 8 3 2 3 4 2 64 27 85
933 701 419 3726 64 101 102 7 8 33 2 8 3 2 3 14 0 45 101
757 701 1644 910 64 101 102 7 8 33 2 12 3 2 3 0 0 27 68
777 701 31 1230 64 101 102 3 8 3 64 76 2052 71 84
905 701 2014 3278 64 101 102 3 8 3 64 204 2052 71 84
1181 1167 701 58 128 91 68 8 4 3 8 3 2 3 4 2 0 0 30 84
1309 1167 859 570 128 91 68 9 4 3 8 3 2 3 4 2 3 2 0 30 101
1298 1167 419 526 128 91 68 8 8 3 2 5 2 2 4 3 2 0 28 100
1362 1167 620 782 128 91 68 6 8 3 2 5 2 2 12 0 46 84
1314 1167 60 590 128 91 68 8 8 3 2 9 2 2 2 3 2 0 28 101
1202 1167 1377 142 128 91 68 8 8 3 2 5 2 2 3 4 0 64 29 85
1266 1167 348 398 128 91 68 7 8 3 2 5 2 2 3 6 0 46 101
1330 1167 3008 654 128 91 68 8 8 3 2 5 2 2 3 4 2 64 29 85
1394 1167 419 910 128 91 68 7 8 3 2 5 2 2 3 14 0 46 101
1218 1167 2552 206 128 91 68 7 8 3 2 9 2 2 3 0 0 29 68
886 683 2970 3250 192 101 86 6 3 4 96 9 2 3 50 2 61 100
726 683 1332 690 192 101 86 9 3 4 96 9 2 3 8 3 2 0 0 23 84
742 683 2516 946 192 101 86 4 3 4 2 9 14 960 61 71
1366 1226 419 2250 192 101 86 9 65 4 3 12 2 3 2 4 3 2 0 26 100
1430 1226 0 3274 192 101 86 7 65 4 3 12 2 3 2 12 0 45 84
1357 1226 924 2106 192 101 86 4 3 4 3 8 32 960 63 55
1421 1226 1 3130 192 101 86 4 3 4 3 8 48 960 63 55
1373 1226 15 2362 192 101 86 4 3 4 3 8 36 960 63 55
1277 1226 314 826 192 101 86 4 3 4 3 8 12 960 63 55
2419 2187 0 14884 2052 119 84 8 12 2 3 2 4 3 4 3 14 0 37 100
2371 2187 1298 11812 2052 119 84 10 12 2 3 2 4 3 8 3 2 3 2 0 27 101
2199 2187 1450 804 2052 119 84 9 12 2 3 2 8 3 2 4 2 0 0 26 100
2263 2187 1376 4900 2052 119 84 7 12 2 3 2 8 3 2 4 0 37 84
2327 2187 419 8996 2052 119 84 9 12 2 3 2 8 3 2 4 3 2 0 26 100
2391 2187 0 13092 2052 119 84 7 12 2 3 2 8 3 2 12 0 37 84
2231 2187 1377 2852 2052 119 84 9 12 2 3 2 8 3 2 3 4 0 64 27 85
2295 2187 1535 6948 2052 119 84 8 12 2 3 2 8 3 2 3 6 0 37 101
2359 2187 4 11044 2052 119 84 9 12 2 3 2 8 3 2 3 4 2 64 27 85
2423 2187 419 15140 2052 119 84 8 12 2 3 2 8 3 2 3 14 0 37 101
2340 2187 204 9828 2052 119 84 7 16 2 3 2 2 3 8 2 64 26 68
2285 2187 258 6308 2052 119 84 9 12 2 3 2 3 4 32 3 2 24 2 51 134
2413 2187 558 14500 2052 119 84 9 12 2 3 2 3 4 32 3 2 56 2 51 134
2237 2187 2807 3236 2052 119 84 8 12 2 3 2 3 4 2 9 0 192 29 69
2365 2187 2952 11428 2052 119 84 8 12 2 3 2 3 4 2 9 2 192 29 69
2321 2187 419 8612 2052 119 84 9 12 2 3 2 3 8 4 2 3 2 0 28 100
2385 2187 2531 12708 2052 119 84 6 12 2 3 2 3 8 12 64 38 68
2225 2187 1332 2468 2052 119 84 9 12 2 3 2 3 8 4 3 2 0 0 29 84
2289 2187 2120 6564 2052 119 84 6 12 2 3 2 3 8 6 64 38 68
2353 2187 1298 10660 2052 119 84 10 12 2 3 2 3 8 4 3 2 3 2 0 29 101
2417 2187 1933 14756 2052 119 84 6 12 2 3 2 3 8 14 64 38 68
2389 2187 683 12964 2052 119 84 8 12 2 3 2 3 4 33 2 50 2 51 117
2421 2187 620 15012 2052 119 84 8 12 2 3 2 3 4 33 2 58 2 51 117
2245 2187 924 3748 2052 119 84 8 12 2 3 2 3 4 3 8 0 192 31 53
2201 2187 701 932 2052 119 84 9 12 2 3 2 3 8 5 2 2 0 0 30 84
2265 2187 1226 5028 2052 119 84 6 12 2 3 2 3 8 4 64 39 52
2329 2187 859 9124 2052 119 84 10 12 2 3 2 3 8 5 2 2 3 2 0 30 101
2393 2187 489 13220 2052 119 84 6 12 2 3 2 3 8 12 64 39 52
2108 1971 2301 8780 2052 119 84 9 16 3 2 2 2 3 4 32 3 8 2 41 117
2172 1971 2552 12876 2052 119 84 8 16 3 2 2 2 3 4 2 12 64 41 102
2102 1971 2596 8396 2052 119 84 9 16 3 2 2 3 4 2 4 3 2 0 20 100
2166 1971 1166 12492 2052 119 84 7 16 3 2 2 3 4 2 12 0 42 84
1198 1059 2301 556 192 91 52 9 9 2 2 3 2 3 4 32 3 8 2 43 117
1262 1059 2552 812 192 91 52 8 9 2 2 3 2 3 4 2 12 64 43 102
1214 1059 204 620 192 91 52 7 9 2 2 3 2 3 8 2 64 22 68
1230 1059 701 684 192 91 52 9 9 2 2 3 2 3 4 33 2 10 2 43 117
1294 1059 701 940 192 91 52 8 9 2 2 3 2 3 4 3 14 64 43 102
1118 1059 1059 236 192 91 52 7 9 2 2 3 2 3 8 0 64 23 52
2077 1933 419 2318 64 106 68 9 8 3 2 3 4 2 8 2 3 2 0 24 100
2157 1933 0 3598 64 106 68 8 8 3 2 3 4 2 4 3 14 0 44 100
2109 1933 1298 2830 64 106 68 10 8 3 2 3 4 2 8 3 2 3 2 0 25 101
2129 1933 0 3150 64 106 68 7 8 3 2 3 8 2 2 12 0 44 84
2069 1933 2301 2190 64 106 68 10 8 3 2 3 4 2 3 4 32 3 8 2 45 117
2133 1933 2552 3214 64 106 68 9 8 3 2 3 4 2 3 4 2 12 64 45 102
1957 1933 1836 398 64 106 68 8 8 3 2 3 4 2 3 8 0 64 26 68
2085 1933 204 2446 64 106 68 8 8 3 2 3 4 2 3 8 2 64 26 68
1973 1933 204 654 64 106 68 10 8 3 2 3 4 2 3 4 33 2 2 2 45 117
2101 1933 701 2702 64 106 68 10 8 3 2 3 4 2 3 4 33 2 10 2 45 117
2165 1933 701 3726 64 106 68 9 8 3 2 3 4 2 3 4 3 14 64 45 102
1989 1933 1059 910 64 106 68 8 8 3 2 3 4 2 3 8 0 64 27 52
2009 1933 652 1230 64 106 68 7 8 3 2 3 8 2 3 4 0 45 68
2137 1933 2301 3278 64 106 68 7 8 3 2 3 8 2 3 12 0 45 68
643 419 0 3598 0 107 101 6 8 5 2 2 4 3 14 0 44 100
595 419 1298 2830 0 107 101 8 8 5 2 2 8 3 2 3 2 0 25 101
455 419 1377 590 0 107 101 7 8 9 2 2 2 3 4 0 64 25 85
519 419 419 1614 0 107 101 6 8 9 2 2 2 3 6 0 44 101
583 419 4 2638 0 107 101 7 8 9 2 2 2 3 4 2 64 25 85
555 419 2301 2190 0 107 101 8 8 5 2 2 3 4 32 3 8 2 45 117
619 419 2552 3214 0 107 101 7 8 5 2 2 3 4 2 12 64 45 102
443 419 1836 398 0 107 101 6 8 5 2 2 3 8 0 64 26 68
571 419 204 2446 0 107 101 6 8 5 2 2 3 8 2 64 26 68
459 419 204 654 0 107 101 8 8 5 2 2 3 4 33 2 2 2 45 117
587 419 701 2702 0 107 101 8 8 5 2 2 3 4 33 2 10 2 45 117
651 419 701 3726 0 107 101 7 8 5 2 2 3 4 3 14 64 45 102
475 419 1059 910 0 107 101 6 8 5 2 2 3 8 0 64 27 52
495 419 652 1230 0 107 101 5 8 9 2 2 3 4 0 45 68
623 419 2301 3278 0 107 101 5 8 9 2 2 3 12 0 45 68
523 479 1377 708 0 107 68 8 8 2 2 8 3 2 3 4 0 64 19 85
85 7 2734 20172 448 139 104 6 9 2 128 9 2 3 78 4 69 100
2060 1836 0 57580 448 139 104 9 9 96 3 8 3 2 8 2 3 14 0 44 100
2012 1836 1298 45292 448 139 104 11 9 96 3 8 3 2 12 2 3 2 3 2 0 25 101
2000 1836 1298 42220 448 139 104 11 9 2 129 8 3 2 12 2 3 2 3 2 0 25 101
1860 1836 2905 6380 448 139 104 10 9 96 3 8 3 2 12 3 2 2 0 0 26 84
1988 1836 859 39148 448 139 104 11 9 96 3 8 3 2 12 3 2 2 3 2 0 26 101
1876 1836 1377 10476 448 139 104 11 9 96 3 8 3 2 8 3 2 3 4 0 64 27 85
1940 1836 1535 26860 448 139 104 10 9 96 3 8 3 2 8 3 2 3 6 0 45 101
2004 1836 4 43244 448 139 104 11 9 96 3 8 3 2 8 3 2 3 4 2 64 27 85
2068 1836 419 59628 448 139 104 10 9 96 3 8 3 2 8 3 2 3 14 0 45 101
1892 1836 1644 14572 448 139 104 10 9 96 3 8 3 2 12 3 2 3 0 0 27 68
226 0 558 3628 0 101 84 8 8 3 2 3 4 32 3 2 56 2 59 134
50 0 2807 812 0 101 84 7 8 3 2 3 4 2 9 0 192 29 69
178 0 2952 2860 0 101 84 7 8 3 2 3 4 2 9 2 192 29 69
134 0 419 2156 0 101 84 8 8 3 2 3 8 4 2 3 2 0 28 100
198 0 2531 3180 0 101 84 5 8 3 2 3 8 12 64 38 68
38 0 1332 620 0 101 84 8 8 3 2 3 8 4 3 2 0 0 29 84
102 0 2120 1644 0 101 84 5 8 3 2 3 8 6 64 38 68
166 0 1298 2668 0 101 84 9 8 3 2 3 8 4 3 2 3 2 0 29 101
230 0 1933 3692 0 101 84 5 8 3 2 3 8 14 64 38 68
234 0 620 3756 0 101 84 7 8 3 2 3 4 33 2 58 2 59 117
58 0 924 940 0 101 84 7 8 3 2 3 4 3 8 0 192 31 53
14 0 701 236 0 101 84 8 8 3 2 3 8 5 2 2 0 0 30 84
78 0 1226 1260 0 101 84 5 8 3 2 3 8 4 64 39 52
142 0 859 2284 0 101 84 9 8 3 2 3 8 5 2 2 3 2 0 30 101
206 0 489 3308 0 101 84 5 8 3 2 3 8 12 64 39 52
1851 1707 419 9272 2 119 84 9 12 3 2 3 4 2 8 2 3 2 0 24 100
1931 1707 0 14392 2 119 84 8 12 3 2 3 4 2 4 3 14 0 44 100
1883 1707 1298 11320 2 119 84 10 12 3 2 3 4 2 8 3 2 3 2 0 25 101
1903 1707 0 12600 2 119 84 7 12 3 2 3 8 2 2 12 0 44 84
1843 1707 2301 8760 2 119 84 10 12 3 2 3 4 2 3 4 32 3 8 2 45 117
1907 1707 2552 12856 2 119 84 9 12 3 2 3 4 2 3 4 2 12 64 45 102
1731 1707 1836 1592 2 119 84 8 12 3 2 3 4 2 3 8 0 64 26 68
1859 1707 204 9784 2 119 84 8 12 3 2 3 4 2 3 8 2 64 26 68
1747 1707 204 2616 2 119 84 10 12 3 2 3 4 2 3 4 33 2 2 2 45 117
1875 1707 701 10808 2 119 84 10 12 3 2 3 4 2 3 4 33 2 10 2 45 117
1939 1707 701 14904 2 119 84 9 12 3 2 3 4 2 3 4 3 14 64 45 102
1763 1707 1059 3640 2 119 84 8 12 3 2 3 4 2 3 8 0 64 27 52
1783 1707 652 4920 2 119 84 7 12 3 2 3 8 2 3 4 0 45 68
1911 1707 2301 13112 2 119 84 7 12 3 2 3 8 2 3 12 0 45 68
2159 1933 0 14514 2 117 117 7 12 3 4 3 2 4 3 14 0 38 100
1983 1933 1332 3250 2 117 117 8 12 3 4 3 2 8 3 2 0 0 29 84
2111 1933 1298 11442 2 117 117 9 12 3 4 3 2 8 3 2 3 2 0 29 101
1971 1933 1377 2482 2 117 117 8 12 3 8 3 2 2 3 4 0 64 29 85
2035 1933 348 6578 2 117 117 7 12 3 8 3 2 2 3 6 0 38 101
2099 1933 3008 10674 2 117 117 8 12 3 8 3 2 2 3 4 2 64 29 85
2163 1933 419 14770 2 117 117 7 12 3 8 3 2 2 3 14 0 38 101
1947 1933 701 946 2 117 117 8 12 3 8 3 2 3 4 2 0 0 30 84
2011 1933 479 5042 2 117 117 6 12 3 8 3 2 3 4 0 39 68
2075 1933 859 9138 2 117 117 9 12 3 8 3 2 3 4 2 3 2 0 30 101
2139 1933 792 13234 2 117 117 6 12 3 8 3 2 3 12 0 39 68
844 620 0 14394 2 117 117 7 13 2 5 2 2 4 3 14 0 44 100
796 620 1298 11322 2 117 117 9 13 2 5 2 2 8 3 2 3 2 0 25 101
656 620 1377 2362 2 117 117 8 13 2 9 2 2 2 3 4 0 64 25 85
720 620 419 6458 2 117 117 7 13 2 9 2 2 2 3 6 0 44 101
784 620 4 10554 2 117 117 8 13 2 9 2 2 2 3 4 2 64 25 85
756 620 2301 8762 2 117 117 9 13 2 5 2 2 3 4 32 3 8 2 45 117
820 620 2552 12858 2 117 117 8 13 2 5 2 2 3 4 2 12 64 45 102
644 620 1836 1594 2 117 117 7 13 2 5 2 2 3 8 0 64 26 68
772 620 204 9786 2 117 117 7 13 2 5 2 2 3 8 2 64 26 68
660 620 204 2618 2 117 117 9 13 2 5 2 2 3 4 33 2 2 2 45 117
788 620 701 10810 2 117 117 9 13 2 5 2 2 3 4 33 2 10 2 45 117
852 620 701 14906 2 117 117 8 13 2 5 2 2 3 4 3 14 64 45 102
676 620 1059 3642 2 117 117 7 13 2 5 2 2 3 8 0 64 27 52
696 620 652 4922 2 117 117 6 13 2 9 2 2 3 4 0 45 68
824 620 2301 13114 2 117 117 6 13 2 9 2 2 3 12 0 45 68
473 249 0 3598 128 107 68 8 8 3 2 5 2 2 4 3 14 0 44 100
425 249 1298 2830 128 107 68 10 8 3 2 5 2 2 8 3 2 3 2 0 25 101
285 249 1377 590 128 107 68 9 8 3 2 9 2 2 2 3 4 0 64 25 85
349 249 419 1614 128 107 68 8 8 3 2 9 2 2 2 3 6 0 44 101
413 249 4 2638 128 107 68 9 8 3 2 9 2 2 2 3 4 2 64 25 85
385 249 2301 2190 128 107 68 10 8 3 2 5 2 2 3 4 32 3 8 2 45 117
449 249 2552 3214 128 107 68 9 8 3 2 5 2 2 3 4 2 12 64 45 102
273 249 1836 398 128 107 68 8 8 3 2 5 2 2 3 8 0 64 26 68
401 249 204 2446 128 107 68 8 8 3 2 5 2 2 3 8 2 64 26 68
289 249 204 654 128 107 68 10 8 3 2 5 2 2 3 4 33 2 2 2 45 117
417 249 701 2702 128 107 68 10 8 3 2 5 2 2 3 4 33 2 10 2 45 117
481 249 701 3726 128 107 68 9 8 3 2 5 2 2 3 4 3 14 64 45 102
305 249 1059 910 128 107 68 8 8 3 2 5 2 2 3 8 0 64 27 52
325 249 652 1230 128 107 68 7 8 3 2 9 2 2 3 4 0 45 68
453 249 2301 3278 128 107 68 7 8 3 2 9 2 2 3 12 0 45 68
596 546 1332 3250 192 117 103 9 4 96 9 2 3 12 2 3 2 0 0 29 84
724 546 1298 11442 192 117 103 10 4 96 9 2 3 12 2 3 2 3 2 0 29 101
684 546 419 8882 192 117 103 10 4 96 9 2 3 8 3 2 4 3 2 0 30 100
748 546 0 12978 192 117 103 8 4 96 9 2 3 8 3 2 12 0 39 84
560 546 792 946 192 117 103 8 4 2 9 96 3 8 3 2 0 2 39 84
624 546 1303 5042 192 117 103 4 4 2 9 2 78 960 77 88
688 546 0 9138 192 117 103 8 4 2 9 96 3 8 3 2 8 2 39 84
1762 1535 0 3634 2 107 100 6 12 2 3 2 4 3 14 0 42 100
1586 1535 1332 818 2 107 100 7 12 2 3 2 8 3 2 0 0 21 84
1714 1535 1298 2866 2 107 100 8 12 2 3 2 8 3 2 3 2 0 21 101
3247 3023 274 14394 192 117 103 4 4 3 8 3 224 960 79 72
3199 3023 479 11322 192 117 103 7 4 3 8 97 2 4 2 44 4 62 100
3187 3023 0 10554 192 117 103 8 4 3 8 97 2 8 2 3 10 2 44 100
3163 3023 620 9018 192 117 103 8 4 3 8 97 2 8 3 2 8 2 45 84
129 31 258 25164 2052 135 84 10 16 3 2 2 2 3 4 32 3 2 24 2 57 134
257 31 558 57932 2052 135 84 10 16 3 2 2 2 3 4 32 3 2 56 2 57 134
81 31 2807 12876 2052 135 84 9 16 3 2 2 2 3 4 2 9 0 192 21 69
209 31 2952 45644 2052 135 84 9 16 3 2 2 2 3 4 2 9 2 192 21 69
2110 2014 894 24780 2052 135 84 9 16 3 2 2 3 4 2 4 3 6 0 36 100
2174 2014 419 41164 2052 135 84 11 16 3 2 2 3 4 2 4 3 4 3 2 0 25 100
2238 2014 0 57548 2052 135 84 9 16 3 2 2 3 4 2 4 3 14 0 36 100
2062 2014 3023 12492 2052 135 84 10 16 3 2 2 3 4 2 8 3 2 0 0 25 84
2190 2014 1298 45260 2052 135 84 11 16 3 2 2 3 4 2 8 3 2 3 2 0 25 101
715 489 558 3628 192 107 52 10 9 2 2 3 2 3 4 32 3 2 56 2 59 134
539 489 2807 812 192 107 52 9 9 2 2 3 2 3 4 2 9 0 192 29 69
667 489 2952 2860 192 107 52 9 9 2 2 3 2 3 4 2 9 2 192 29 69
527 489 1332 620 192 107 52 10 9 2 2 3 2 3 8 4 3 2 0 0 29 84
591 489 2120 1644 192 107 52 7 9 2 2 3 2 3 8 6 64 38 68
655 489 1298 2668 192 107 52 11 9 2 2 3 2 3 8 4 3 2 3 2 0 29 101
719 489 1933 3692 192 107 52 7 9 2 2 3 2 3 8 14 64 38 68
723 489 620 3756 192 107 52 9 9 2 2 3 2 3 4 33 2 58 2 59 117
547 489 924 940 192 107 52 9 9 2 2 3 2 3 4 3 8 0 192 31 53
503 489 701 236 192 107 52 10 9 2 2 3 2 3 8 5 2 2 0 0 30 84
567 489 1226 1260 192 107 52 7 9 2 2 3 2 3 8 4 64 39 52
631 489 859 2284 192 107 52 11 9 2 2 3 2 3 8 5 2 2 3 2 0 30 101
695 489 489 3308 192 107 52 7 9 2 2 3 2 3 8 12 64 39 52
87 37 0 812 192 109 86 6 2 9 2 97 4 2 12 4 59 100
215 37 2734 2860 192 109 86 6 2 9 2 97 4 2 44 4 59 100
95 37 330 940 192 109 86 4 2 9 2 3 58 448 69 104
115 37 1750 1260 192 109 86 5 2 9 64 3 2 78 4 69 117
179 37 204 2284 192 109 86 7 2 9 64 3 2 13 2 2 64 30 68
243 37 2905 3308 192 109 86 5 2 9 64 3 2 206 4 69 117
310 274 1377 588 192 111 70 8 64 16 3 2 2 2 3 4 0 64 25 85
298 274 1836 396 192 111 70 7 64 12 3 2 2 3 8 0 64 26 68
314 274 204 652 192 111 70 9 64 12 3 2 2 3 4 33 2 2 2 37 117
378 274 11 1676 192 111 70 8 64 12 3 2 2 3 4 3 6 64 37 102
442 274 701 2700 192 111 70 9 64 12 3 2 2 3 4 33 2 10 2 37 117
506 274 701 3724 192 111 70 8 64 12 3 2 2 3 4 3 14 64 37 102
330 274 1059 908 192 111 70 7 64 12 3 2 2 3 8 0 64 27 52
286 274 2905 204 192 111 70 8 64 16 3 2 2 3 4 2 0 0 26 84
2480 2301 204 2872 2 107 117 5 2 13 8 2 3 2 64 29 68
2536 2301 1933 3768 2 107 117 4 2 13 4 3 14 64 39 68
2360 2301 1059 952 2 107 117 5 2 13 8 3 2 0 64 31 52
558 419 2301 556 0 92 84 7 8 3 2 3 4 32 3 8 2 35 117
622 419 2552 812 0 92 84 6 8 3 2 3 4 2 12 64 35 102
2954 2807 60 9452 960 125 71 11 2 128 9 2 3 16 3 2 2 2 3 2 0 28 101
2572 2516 1332 3598 960 125 71 11 96 3 8 3 2 8 2 3 8 3 2 0 0 19 84
2700 2516 1298 11790 960 125 71 12 96 3 8 3 2 8 2 3 8 3 2 3 2 0 19 101
2560 2516 1377 2830 960 125 71 11 96 3 8 3 2 12 2 3 2 3 4 0 64 19 85
2624 2516 1535 6926 960 125 71 10 96 3 8 3 2 12 2 3 2 3 6 0 41 101
2688 2516 4 11022 960 125 71 11 96 3 8 3 2 12 2 3 2 3 4 2 64 19 85
2752 2516 419 15118 960 125 71 10 96 3 8 3 2 12 2 3 2 3 14 0 41 101
2557 2516 1377 2638 960 125 71 11 2 129 8 3 2 12 2 3 2 3 4 0 64 19 85
2621 2516 1535 6734 960 125 71 10 2 129 8 3 2 12 2 3 2 3 6 0 41 101
2685 2516 4 10830 960 125 71 11 2 129 8 3 2 12 2 3 2 3 4 2 64 19 85
2749 2516 419 14926 960 125 71 10 2 129 8 3 2 12 2 3 2 3 14 0 41 101
2650 2516 2596 8590 960 125 71 11 96 3 8 3 2 12 3 2 2 4 3 2 0 20 100
2714 2516 1166 12686 960 125 71 9 96 3 8 3 2 12 3 2 2 12 0 42 84
2618 2516 348 6542 960 125 71 10 96 3 8 3 2 12 3 2 2 3 6 0 42 101
2682 2516 3008 10638 960 125 71 11 96 3 8 3 2 12 3 2 2 3 4 2 64 21 85
2746 2516 419 14734 960 125 71 10 96 3 8 3 2 12 3 2 2 3 14 0 42 101
2654 2516 2301 8846 960 125 71 12 96 3 8 3 2 8 3 2 3 4 32 3 8 2 43 117
2718 2516 2552 12942 960 125 71 11 96 3 8 3 2 8 3 2 3 4 2 12 64 43 102
2670 2516 204 9870 960 125 71 10 96 3 8 3 2 8 3 2 3 8 2 64 22 68
2686 2516 701 10894 960 125 71 12 96 3 8 3 2 8 3 2 3 4 33 2 10 2 43 117
2750 2516 701 14990 960 125 71 11 96 3 8 3 2 8 3 2 3 4 3 14 64 43 102
2574 2516 1059 3726 960 125 71 10 96 3 8 3 2 8 3 2 3 8 0 64 23 52
2530 2516 701 910 960 125 71 11 96 3 8 3 2 12 3 2 3 4 2 0 0 22 84
2594 2516 479 5006 960 125 71 9 96 3 8 3 2 12 3 2 3 4 0 43 68
2658 2516 859 9102 960 125 71 12 96 3 8 3 2 12 3 2 3 4 2 3 2 0 22 101
2722 2516 792 13198 960 125 71 9 96 3 8 3 2 12 3 2 3 12 0 43 68
3026 2970 1332 3634 2 123 100 9 12 2 3 2 4 3 8 3 2 0 0 27 84
3154 2970 1298 11826 2 123 100 10 12 2 3 2 4 3 8 3 2 3 2 0 27 101
2982 2970 1450 818 2 123 100 9 12 2 3 2 8 3 2 4 2 0 0 26 100
3046 2970 1376 4914 2 123 100 7 12 2 3 2 8 3 2 4 0 37 84
3110 2970 419 9010 2 123 100 9 12 2 3 2 8 3 2 4 3 2 0 26 100
3174 2970 0 13106 2 123 100 7 12 2 3 2 8 3 2 12 0 37 84
3014 2970 1377 2866 2 123 100 9 12 2 3 2 8 3 2 3 4 0 64 27 85
3078 2970 1535 6962 2 123 100 8 12 2 3 2 8 3 2 3 6 0 37 101
3142 2970 4 11058 2 123 100 9 12 2 3 2 8 3 2 3 4 2 64 27 85
3206 2970 419 15154 2 123 100 8 12 2 3 2 8 3 2 3 14 0 37 101
836 652 894 11790 448 123 87 9 3 8 3 128 4 2 3 32 3 184 10 78 150
888 652 2596 15118 448 123 87 6 3 8 97 2 4 2 236 4 78 100
693 652 1332 2638 448 123 87 10 3 8 97 2 8 2 3 8 3 2 0 0 19 84
885 652 1707 14926 448 123 87 7 3 8 97 2 8 2 3 58 2 60 100
751 652 1075 6350 448 123 87 7 3 8 97 2 8 3 2 24 2 61 84
815 652 1298 10446 448 123 87 11 3 8 97 2 8 3 2 8 3 2 3 2 0 21 101
1861 1657 1707 13100 192 125 103 5 9 2 97 4 2 204 4 75 100
1701 1657 1332 2860 192 125 103 9 9 2 97 4 2 13 2 3 2 0 0 27 84
1893 1657 2596 15148 192 125 103 5 9 2 97 4 2 236 4 75 100
1735 1657 7 5036 192 125 103 4 9 2 3 4 78 960 75 88
1804 1657 2077 9452 192 125 103 7 9 64 3 2 17 2 2 2 64 28 68
1692 1657 1332 2284 192 125 103 9 9 64 3 2 13 2 4 3 2 0 0 29 84
1756 1657 2120 6380 192 125 103 6 9 64 3 2 13 2 6 64 46 68
1820 1657 1298 10476 192 125 103 10 9 64 3 2 13 2 4 3 2 3 2 0 29 101
1884 1657 1933 14572 192 125 103 6 9 64 3 2 13 2 14 64 46 68
1708 1657 792 3308 192 125 103 7 9 64 3 2 17 2 2 0 64 29 52
2945 2793 701 9752 2 127 84 9 12 3 2 2 4 3 8 2 3 2 0 18 100
3025 2793 0 14872 2 127 84 8 12 3 2 2 4 3 4 3 14 0 41 100
2849 2793 1332 3608 2 127 84 9 12 3 2 2 4 3 8 3 2 0 0 19 84
2977 2793 1298 11800 2 127 84 10 12 3 2 2 4 3 8 3 2 3 2 0 19 101
2933 2793 701 8984 2 127 84 9 12 3 2 2 8 3 2 4 3 2 0 18 100
2997 2793 0 13080 2 127 84 7 12 3 2 2 8 3 2 12 0 41 84
2837 2793 1377 2840 2 127 84 9 12 3 2 2 8 3 2 3 4 0 64 19 85
2901 2793 1535 6936 2 127 84 8 12 3 2 2 8 3 2 3 6 0 41 101
2965 2793 4 11032 2 127 84 9 12 3 2 2 8 3 2 3 4 2 64 19 85
3029 2793 419 15128 2 127 84 8 12 3 2 2 8 3 2 3 14 0 41 101
2927 2793 2596 8600 2 127 84 9 12 3 2 2 3 8 4 2 3 2 0 20 100
2991 2793 2531 12696 2 127 84 6 12 3 2 2 3 8 12 64 42 68
2995 2793 1933 12952 2 127 84 8 12 3 2 2 3 4 33 2 50 2 53 117
2819 2793 37 1688 2 127 84 8 12 3 2 2 3 4 3 8 0 192 22 69
2947 2793 2952 9880 2 127 84 8 12 3 2 2 3 4 3 8 2 192 22 69
3027 2793 620 15000 2 127 84 8 12 3 2 2 3 4 33 2 58 2 53 117
2851 2793 924 3736 2 127 84 8 12 3 2 2 3 4 3 8 0 192 23 53
2807 2793 701 920 2 127 84 9 12 3 2 2 3 8 5 2 2 0 0 22 84
2871 2793 1226 5016 2 127 84 6 12 3 2 2 3 8 4 64 43 52
2935 2793 859 9112 2 127 84 10 12 3 2 2 3 8 5 2 2 3 2 0 22 101
2999 2793 489 13208 2 127 84 6 12 3 2 2 3 8 12 64 43 52
2108 1971 2301 8780 2052 127 84 9 16 3 2 2 2 3 4 32 3 8 2 41 117
2172 1971 2552 12876 2052 127 84 8 16 3 2 2 2 3 4 2 12 64 41 102
2105 1971 2596 8588 2052 127 84 9 12 3 2 2 3 8 4 2 3 2 0 20 100
2169 1971 2531 12684 2052 127 84 6 12 3 2 2 3 8 12 64 42 68
2173 1971 1933 12940 2052 127 84 8 12 3 2 2 3 4 33 2 50 2 53 117
1997 1971 37 1676 2052 127 84 8 12 3 2 2 3 4 3 8 0 192 22 69
2125 1971 2952 9868 2052 127 84 8 12 3 2 2 3 4 3 8 2 192 22 69
2205 1971 620 14988 2052 127 84 8 12 3 2 2 3 4 33 2 58 2 53 117
2029 1971 924 3724 2052 127 84 8 12 3 2 2 3 4 3 8 0 192 23 53
1985 1971 701 908 2052 127 84 9 12 3 2 2 3 8 5 2 2 0 0 22 84
2049 1971 1226 5004 2052 127 84 6 12 3 2 2 3 8 4 64 43 52
2113 1971 859 9100 2052 127 84 10 12 3 2 2 3 8 5 2 2 3 2 0 22 101
2177 1971 489 13196 2052 127 84 6 12 3 2 2 3 8 12 64 43 52
2102 1971 2596 8396 2052 127 84 9 16 3 2 2 3 4 2 4 3 2 0 20 100
2166 1971 1166 12492 2052 127 84 7 16 3 2 2 3 4 2 12 0 42 84
602 558 1332 2872 2 123 134 7 13 8 2 3 4 3 2 0 0 27 84
666 558 2120 6968 2 123 134 4 13 8 2 3 6 64 45 68
794 558 1933 15160 2 123 134 4 13 8 2 3 14 64 45 68
616 558 1644 3768 2 123 134 7 13 4 3 8 3 2 3 0 0 31 68
572 558 701 952 2 123 134 7 13 8 3 2 5 2 2 0 0 30 84
636 558 1226 5048 2 123 134 4 13 8 3 2 4 64 47 52
700 558 859 9144 2 123 134 8 13 8 3 2 5 2 2 3 2 0 30 101
764 558 489 13240 2 123 134 4 13 8 3 2 12 64 47 52
479 348 419 526 192 91 52 9 9 2 3 2 3 4 2 4 3 2 0 28 100
543 348 620 782 192 91 52 7 9 2 3 2 3 4 2 12 0 46 84
383 348 1377 142 192 91 52 9 9 2 3 2 3 4 2 3 4 0 64 29 85
447 348 348 398 192 91 52 8 9 2 3 2 3 4 2 3 6 0 46 101
511 348 3008 654 192 91 52 9 9 2 3 2 3 4 2 3 4 2 64 29 85
575 348 419 910 192 91 52 8 9 2 3 2 3 4 2 3 14 0 46 101
828 792 1377 588 0 107 68 8 8 2 3 8 2 2 3 4 0 64 25 85
804 792 2905 204 0 107 68 8 8 2 3 8 2 3 4 2 0 0 26 84
98 0 258 1580 0 108 84 8 8 3 2 3 4 32 3 2 24 2 51 134
226 0 558 3628 0 108 84 8 8 3 2 3 4 32 3 2 56 2 51 134
50 0 2807 812 0 108 84 7 8 3 2 3 4 2 9 0 192 29 69
178 0 2952 2860 0 108 84 7 8 3 2 3 4 2 9 2 192 29 69
73 37 1377 9452 960 141 88 11 128 9 2 3 16 3 2 2 2 3 4 0 64 25 85
137 37 419 25836 960 141 88 10 128 9 2 3 16 3 2 2 2 3 6 0 44 101
201 37 4 42220 960 141 88 11 128 9 2 3 16 3 2 2 2 3 4 2 64 25 85
1441 1303 2301 35406 960 141 88 12 129 8 3 2 12 2 3 2 3 4 32 3 8 2 35 117
1505 1303 2552 51790 960 141 88 11 129 8 3 2 12 2 3 2 3 4 2 12 64 35 102
1329 1303 2413 6734 960 141 88 10 129 8 3 2 12 2 3 2 3 8 0 64 22 68
1457 1303 204 39502 960 141 88 10 129 8 3 2 12 2 3 2 3 8 2 64 22 68
1345 1303 620 10830 960 141 88 12 129 8 3 2 12 2 3 2 3 4 33 2 2 2 35 117
1473 1303 701 43598 960 141 88 12 129 8 3 2 12 2 3 2 3 4 33 2 10 2 35 117
1537 1303 701 59982 960 141 88 11 129 8 3 2 12 2 3 2 3 4 3 14 64 35 102
1361 1303 1059 14926 960 141 88 10 129 8 3 2 12 2 3 2 3 8 0 64 23 52
2077 1933 419 2318 64 110 68 9 8 3 2 3 4 2 8 2 3 2 0 24 100
2157 1933 0 3598 64 110 68 8 8 3 2 3 4 2 4 3 14 0 44 100
2109 1933 1298 2830 64 110 68 10 8 3 2 3 4 2 8 3 2 3 2 0 25 101
2129 1933 0 3150 64 110 68 7 8 3 2 3 8 2 2 12 0 44 84
2069 1933 2301 2190 64 110 68 10 8 3 2 3 4 2 3 4 32 3 8 2 45 117
2133 1933 2552 3214 64 110 68 9 8 3 2 3 4 2 3 4 2 12 64 45 102
1957 1933 1836 398 64 110 68 8 8 3 2 3 4 2 3 8 0 64 26 68
2085 1933 204 2446 64 110 68 8 8 3 2 3 4 2 3 8 2 64 26 68
1973 1933 204 654 64 110 68 10 8 3 2 3 4 2 3 4 33 2 2 2 45 117
2101 1933 701 2702 64 110 68 10 8 3 2 3 4 2 3 4 33 2 10 2 45 117
2165 1933 701 3726 64 110 68 9 8 3 2 3 4 2 3 4 3 14 64 45 102
1989 1933 1059 910 64 110 68 8 8 3 2 3 4 2 3 8 0 64 27 52
2009 1933 652 1230 64 110 68 7 8 3 2 3 8 2 3 4 0 45 68
2137 1933 2301 3278 64 110 68 7 8 3 2 3 8 2 3 12 0 45 68
1762 1535 0 3634 2 109 100 6 12 2 3 2 4 3 14 0 42 100
1586 1535 1332 818 2 109 100 7 12 2 3 2 8 3 2 0 0 21 84
1714 1535 1298 2866 2 109 100 8 12 2 3 2 8 3 2 3 2 0 21 101
1674 1535 2301 2226 2 109 100 8 12 2 3 2 3 4 32 3 8 2 43 117
1738 1535 2552 3250 2 109 100 7 12 2 3 2 3 4 2 12 64 43 102
1690 1535 204 2482 2 109 100 6 12 2 3 2 3 8 2 64 22 68
1706 1535 701 2738 2 109 100 8 12 2 3 2 3 4 33 2 10 2 43 117
1770 1535 701 3762 2 109 100 7 12 2 3 2 3 4 3 14 64 43 102
1594 1535 1059 946 2 109 100 6 12 2 3 2 3 8 0 64 23 52
56 0 1332 906 2 109 100 8 8 3 2 4 3 8 3 2 0 0 27 84
140 0 419 2250 2 109 100 8 8 3 2 8 3 2 4 3 2 0 26 100
204 0 0 3274 2 109 100 6 8 3 2 8 3 2 12 0 45 84
44 0 1377 714 2 109 100 8 8 3 2 8 3 2 3 4 0 64 27 85
108 0 1535 1738 2 109 100 7 8 3 2 8 3 2 3 6 0 45 101
172 0 4 2762 2 109 100 8 8 3 2 8 3 2 3 4 2 64 27 85
236 0 419 3786 2 109 100 7 8 3 2 8 3 2 3 14 0 45 101
64 18 2552 11790 448 139 104 10 8 3 128 4 2 3 32 3 16 3 0 128 23 68
256 18 258 60942 448 139 104 8 8 3 128 4 2 3 32 3 952 10 94 150
77 18 1644 15118 448 139 104 10 8 97 2 4 2 17 2 3 2 3 0 0 23 68
186 48 419 35406 448 139 104 11 8 97 2 8 2 3 8 3 2 4 3 2 0 22 100
250 48 0 51790 448 139 104 9 8 97 2 8 2 3 8 3 2 12 0 35 84
106 48 1644 14926 448 139 104 10 8 97 2 8 2 3 12 3 2 3 0 0 23 68
989 965 2905 6350 448 139 104 10 8 97 2 8 3 2 12 3 2 2 0 0 26 84
1005 965 1377 10446 448 139 104 11 8 97 2 8 3 2 8 3 2 3 4 0 64 27 85
1069 965 1535 26830 448 139 104 10 8 97 2 8 3 2 8 3 2 3 6 0 37 101
1133 965 4 43214 448 139 104 11 8 97 2 8 3 2 8 3 2 3 4 2 64 27 85
1197 965 419 59598 448 139 104 10 8 97 2 8 3 2 8 3 2 3 14 0 37 101
119 11 201 1734 64 101 102 4 8 2 2 9 6 448 41 70
145 11 2596 2150 64 101 102 7 8 2 65 12 2 2 3 2 0 20 100
1324 1226 258 1572 64 107 52 9 9 2 2 2 3 4 32 3 2 24 2 57 134
1452 1226 558 3620 64 107 52 9 9 2 2 2 3 4 32 3 2 56 2 57 134
1276 1226 2807 804 64 107 52 8 9 2 2 2 3 4 2 9 0 192 21 69
1404 1226 2952 2852 64 107 52 8 9 2 2 2 3 4 2 9 2 192 21 69
1328 1226 2120 1636 64 107 52 6 9 2 2 2 3 8 6 64 34 68
1428 1226 683 3236 64 107 52 8 9 2 2 2 3 4 33 2 50 2 57 117
1460 1226 620 3748 64 107 52 8 9 2 2 2 3 4 33 2 58 2 57 117
1284 1226 924 932 64 107 52 8 9 2 2 2 3 4 3 8 0 192 23 53
1113 1075 1332 9828 2052 143 84 10 16 2 3 2 2 3 8 4 3 2 0 0 21 84
1177 1075 2120 26212 2052 143 84 7 16 2 3 2 2 3 8 6 64 42 68
1241 1075 1298 42596 2052 143 84 11 16 2 3 2 2 3 8 4 3 2 3 2 0 21 101
1305 1075 1933 58980 2052 143 84 7 16 2 3 2 2 3 8 14 64 42 68
129 31 258 25164 2052 143 84 10 16 3 2 2 2 3 4 32 3 2 24 2 57 134
257 31 558 57932 2052 143 84 10 16 3 2 2 2 3 4 32 3 2 56 2 57 134
81 31 2807 12876 2052 143 84 9 16 3 2 2 2 3 4 2 9 0 192 21 69
209 31 2952 45644 2052 143 84 9 16 3 2 2 2 3 4 2 9 2 192 21 69
2110 2014 894 24780 2052 143 84 9 16 3 2 2 3 4 2 4 3 6 0 36 100
2174 2014 419 41164 2052 143 84 11 16 3 2 2 3 4 2 4 3 4 3 2 0 25 100
2238 2014 0 57548 2052 143 84 9 16 3 2 2 3 4 2 4 3 14 0 36 100
2062 2014 3023 12492 2052 143 84 10 16 3 2 2 3 4 2 8 3 2 0 0 25 84
2190 2014 1298 45260 2052 143 84 11 16 3 2 2 3 4 2 8 3 2 3 2 0 25 101
1357 1226 924 2106 192 109 86 4 3 4 3 8 32 960 63 55
1421 1226 1 3130 192 109 86 4 3 4 3 8 48 960 63 55
1373 1226 15 2362 192 109 86 4 3 4 3 8 36 960 63 55
1277 1226 314 826 192 109 86 4 3 4 3 8 12 960 63 55
1974 1750 0 3598 192 107 52 9 9 2 3 2 3 4 2 4 3 14 0 44 100
1926 1750 1298 2830 192 107 52 11 9 2 3 2 3 4 2 8 3 2 3 2 0 25 101
1886 1750 2301 2190 192 107 52 11 9 2 3 2 3 4 2 3 4 32 3 8 2 45 117
1950 1750 2552 3214 192 107 52 10 9 2 3 2 3 4 2 3 4 2 12 64 45 102
1774 1750 1836 398 192 107 52 9 9 2 3 2 3 4 2 3 8 0 64 26 68
1902 1750 204 2446 192 107 52 9 9 2 3 2 3 4 2 3 8 2 64 26 68
1790 1750 204 654 192 107 52 11 9 2 3 2 3 4 2 3 4 33 2 2 2 45 117
1918 1750 701 2702 192 107 52 11 9 2 3 2 3 4 2 3 4 33 2 10 2 45 117
1982 1750 701 3726 192 107 52 10 9 2 3 2 3 4 2 3 4 3 14 64 45 102
1806 1750 1059 910 192 107 52 9 9 2 3 2 3 4 2 3 8 0 64 27 52
1761 1535 0 3622 0 109 101 6 8 4 3 2 4 3 14 0 42 100
1585 1535 1332 806 0 109 101 7 8 4 3 2 8 3 2 0 0 21 84
1713 1535 1298 2854 0 109 101 8 8 4 3 2 8 3 2 3 2 0 21 101
1669 1535 2596 2150 0 109 101 7 8 8 3 2 2 4 3 2 0 20 100
1733 1535 1166 3174 0 109 101 5 8 8 3 2 2 12 0 42 84
1673 1535 2301 2214 0 109 101 8 8 4 3 2 3 4 32 3 8 2 43 117
1737 1535 2552 3238 0 109 101 7 8 4 3 2 3 4 2 12 64 43 102
1689 1535 204 2470 0 109 101 6 8 4 3 2 3 8 2 64 22 68
1705 1535 701 2726 0 109 101 8 8 4 3 2 3 4 33 2 10 2 43 117
1769 1535 701 3750 0 109 101 7 8 4 3 2 3 4 3 14 64 43 102
1593 1535 1059 934 0 109 101 6 8 4 3 2 3 8 0 64 23 52
1549 1535 701 230 0 109 101 7 8 8 3 2 3 4 2 0 0 22 84
1613 1535 479 1254 0 109 101 5 8 8 3 2 3 4 0 43 68
1677 1535 859 2278 0 109 101 8 8 8 3 2 3 4 2 3 2 0 22 101
1741 1535 792 3302 0 109 101 5 8 8 3 2 3 12 0 43 68
478 419 1059 238 0 85 100 5 8 3 2 3 8 0 64 31 52
1450 1298 2793 610 0 81 101 6 4 32 3 2 12 3 2 128 26 101
1354 1298 2552 226 0 81 101 5 4 32 3 2 13 0 128 27 68
1482 1298 1167 738 0 81 101 5 4 32 3 2 13 2 128 27 68
1374 1298 249 306 0 81 101 4 4 2 9 2 4 192 45 86
1438 1298 2356 562 0 81 101 5 4 2 9 32 2 8 2 45 100
1502 1298 37 818 0 81 101 4 4 2 9 2 12 192 45 86
1342 1298 683 178 0 81 101 4 4 2 9 2 2 192 45 86
1470 1298 1226 690 0 81 101 4 4 2 9 2 10 192 45 86
1534 1298 1377 946 0 81 101 4 4 2 9 2 14 192 45 86
1514 1377 2301 8782 4 117 100 9 16 3 2 2 2 3 4 32 3 8 2 41 117
1578 1377 2552 12878 4 117 100 8 16 3 2 2 2 3 4 2 12 64 41 102
1530 1377 204 9806 4 117 100 7 16 3 2 2 2 3 8 2 64 18 68
1418 1377 620 2638 4 117 100 9 16 3 2 2 2 3 4 33 2 2 2 41 117
1546 1377 701 10830 4 117 100 9 16 3 2 2 2 3 4 33 2 10 2 41 117
1610 1377 701 14926 4 117 100 8 16 3 2 2 2 3 4 3 14 64 41 102
2454 2356 258 6308 4 119 84 9 12 2 3 2 3 4 32 3 2 24 2 51 134
2582 2356 558 14500 4 119 84 9 12 2 3 2 3 4 32 3 2 56 2 51 134
2406 2356 2807 3236 4 119 84 8 12 2 3 2 3 4 2 9 0 192 29 69
2534 2356 2952 11428 4 119 84 8 12 2 3 2 3 4 2 9 2 192 29 69
2490 2356 419 8612 4 119 84 9 12 2 3 2 3 8 4 2 3 2 0 28 100
2554 2356 2531 12708 4 119 84 6 12 2 3 2 3 8 12 64 38 68
2394 2356 1332 2468 4 119 84 9 12 2 3 2 3 8 4 3 2 0 0 29 84
2458 2356 2120 6564 4 119 84 6 12 2 3 2 3 8 6 64 38 68
2522 2356 1298 10660 4 119 84 10 12 2 3 2 3 8 4 3 2 3 2 0 29 101
2586 2356 1933 14756 4 119 84 6 12 2 3 2 3 8 14 64 38 68
2558 2356 683 12964 4 119 84 8 12 2 3 2 3 4 33 2 50 2 51 117
2590 2356 620 15012 4 119 84 8 12 2 3 2 3 4 33 2 58 2 51 117
2414 2356 924 3748 4 119 84 8 12 2 3 2 3 4 3 8 0 192 31 53
2370 2356 701 932 4 119 84 9 12 2 3 2 3 8 5 2 2 0 0 30 84
2434 2356 1226 5028 4 119 84 6 12 2 3 2 3 8 4 64 39 52
2498 2356 859 9124 4 119 84 10 12 2 3 2 3 8 5 2 2 3 2 0 30 101
2562 2356 489 13220 4 119 84 6 12 2 3 2 3 8 12 64 39 52
3026 2970 1332 3634 2 125 100 9 12 2 3 2 4 3 8 3 2 0 0 27 84
3154 2970 1298 11826 2 125 100 10 12 2 3 2 4 3 8 3 2 3 2 0 27 101
2982 2970 1450 818 2 125 100 9 12 2 3 2 8 3 2 4 2 0 0 26 100
3046 2970 1376 4914 2 125 100 7 12 2 3 2 8 3 2 4 0 37 84
3110 2970 419 9010 2 125 100 9 12 2 3 2 8 3 2 4 3 2 0 26 100
3174 2970 0 13106 2 125 100 7 12 2 3 2 8 3 2 12 0 37 84
3014 2970 1377 2866 2 125 100 9 12 2 3 2 8 3 2 3 4 0 64 27 85
3078 2970 1535 6962 2 125 100 8 12 2 3 2 8 3 2 3 6 0 37 101
3142 2970 4 11058 2 125 100 9 12 2 3 2 8 3 2 3 4 2 64 27 85
3206 2970 419 15154 2 125 100 8 12 2 3 2 8 3 2 3 14 0 37 101
3196 2970 558 14514 2 125 100 9 12 2 3 2 3 4 32 3 2 56 2 59 134
3020 2970 2807 3250 2 125 100 8 12 2 3 2 3 4 2 9 0 192 29 69
3148 2970 2952 11442 2 125 100 8 12 2 3 2 3 4 2 9 2 192 29 69
3008 2970 1332 2482 2 125 100 9 12 2 3 2 3 8 4 3 2 0 0 29 84
3072 2970 2120 6578 2 125 100 6 12 2 3 2 3 8 6 64 38 68
3136 2970 1298 10674 2 125 100 10 12 2 3 2 3 8 4 3 2 3 2 0 29 101
3200 2970 1933 14770 2 125 100 6 12 2 3 2 3 8 14 64 38 68
3204 2970 620 15026 2 125 100 8 12 2 3 2 3 4 33 2 58 2 59 117
3028 2970 924 3762 2 125 100 8 12 2 3 2 3 4 3 8 0 192 31 53
2984 2970 701 946 2 125 100 9 12 2 3 2 3 8 5 2 2 0 0 30 84
3048 2970 1226 5042 2 125 100 6 12 2 3 2 3 8 4 64 39 52
3112 2970 859 9138 2 125 100 10 12 2 3 2 3 8 5 2 2 3 2 0 30 101
3176 2970 489 13234 2 125 100 6 12 2 3 2 3 8 12 64 39 52
1474 1332 419 568 0 87 84 7 4 3 8 3 2 4 3 2 0 22 100
1538 1332 0 824 0 87 84 5 4 3 8 3 2 12 0 43 84
1559 1332 0 908 0 87 84 5 8 3 2 4 3 14 0 42 100
1383 1332 1332 204 0 87 84 6 8 3 2 8 3 2 0 0 21 84
1511 1332 1298 716 0 87 84 7 8 3 2 8 3 2 3 2 0 21 101
1471 1332 2301 556 0 87 84 7 8 3 2 3 4 32 3 8 2 43 117
1535 1332 2552 812 0 87 84 6 8 3 2 3 4 2 12 64 43 102
1487 1332 204 620 0 87 84 5 8 3 2 3 8 2 64 22 68
1503 1332 701 684 0 87 84 7 8 3 2 3 4 33 2 10 2 43 117
1567 1332 701 940 0 87 84 6 8 3 2 3 4 3 14 64 43 102
1391 1332 1059 236 0 87 84 5 8 3 2 3 8 0 64 23 52
1127 924 2301 13024 960 127 55 9 3 128 4 2 3 32 3 16 3 12 128 39 68
983 924 1166 3808 960 127 55 10 3 128 4 2 3 32 3 20 3 2 0 128 31 52
241 15 0 14500 960 127 55 10 97 2 8 2 3 8 3 2 4 3 14 0 38 100
65 15 1332 3236 960 127 55 11 97 2 8 2 3 8 3 2 8 3 2 0 0 29 84
193 15 1298 11428 960 127 55 12 97 2 8 2 3 8 3 2 8 3 2 3 2 0 29 101
29 15 701 932 960 127 55 11 97 2 8 2 3 12 3 2 3 4 2 0 0 30 84
93 15 479 5028 960 127 55 9 97 2 8 2 3 12 3 2 3 4 0 39 68
157 15 859 9124 960 127 55 12 97 2 8 2 3 12 3 2 3 4 2 3 2 0 30 101
221 15 792 13220 960 127 55 9 97 2 8 2 3 12 3 2 3 12 0 39 68
448 314 2596 8588 960 127 55 11 97 2 8 3 2 12 3 2 2 4 3 2 0 20 100
512 314 1166 12684 960 127 55 9 97 2 8 3 2 12 3 2 2 12 0 42 84
452 314 2301 8844 960 127 55 12 97 2 8 3 2 8 3 2 3 4 32 3 8 2 43 117
516 314 2552 12940 960 127 55 11 97 2 8 3 2 8 3 2 3 4 2 12 64 43 102
340 314 2413 1676 960 127 55 10 97 2 8 3 2 8 3 2 3 8 0 64 22 68
468 314 204 9868 960 127 55 10 97 2 8 3 2 8 3 2 3 8 2 64 22 68
484 314 701 10892 960 127 55 12 97 2 8 3 2 8 3 2 3 4 33 2 10 2 43 117
548 314 701 14988 960 127 55 11 97 2 8 3 2 8 3 2 3 4 3 14 64 43 102
372 314 1059 3724 960 127 55 10 97 2 8 3 2 8 3 2 3 8 0 64 23 52
192 37 683 620 192 86 69 6 2 2 9 64 3 2 38 4 57 117
3049 2952 894 390 192 86 69 6 2 65 12 2 2 3 6 0 36 100
3113 2952 419 646 192 86 69 8 2 65 12 2 2 3 4 3 2 0 25 100
3177 2952 0 902 192 86 69 6 2 65 12 2 2 3 14 0 36 100
3247 3023 274 14394 192 125 103 4 4 3 8 3 224 960 79 72
3199 3023 479 11322 192 125 103 7 4 3 8 97 2 4 2 44 4 62 100
3187 3023 0 10554 192 125 103 8 4 3 8 97 2 8 2 3 10 2 44 100
3163 3023 620 9018 192 125 103 8 4 3 8 97 2 8 3 2 8 2 45 84
1700 1644 1332 224 0 95 68 7 4 2 4 3 8 3 2 0 0 19 84
1828 1644 1298 736 0 95 68 8 4 2 4 3 8 3 2 3 2 0 19 101
1688 1644 1377 176 0 95 68 7 4 2 8 3 2 3 4 0 64 19 85
1752 1644 1535 432 0 95 68 6 4 2 8 3 2 3 6 0 41 101
1816 1644 4 688 0 95 68 7 4 2 8 3 2 3 4 2 64 19 85
1880 1644 419 944 0 95 68 6 4 2 8 3 2 3 14 0 41 101
1870 1644 558 904 0 95 68 7 4 2 3 4 32 3 2 56 2 61 134
1694 1644 2807 200 0 95 68 6 4 2 3 4 2 9 0 192 21 69
1822 1644 2952 712 0 95 68 6 4 2 3 4 2 9 2 192 21 69
1778 1644 2596 536 0 95 68 7 4 2 3 8 4 2 3 2 0 20 100
1842 1644 2531 792 0 95 68 4 4 2 3 8 12 64 42 68
1682 1644 1332 152 0 95 68 7 4 2 3 8 4 3 2 0 0 21 84
1746 1644 2120 408 0 95 68 4 4 2 3 8 6 64 42 68
1810 1644 1298 664 0 95 68 8 4 2 3 8 4 3 2 3 2 0 21 101
1874 1644 1933 920 0 95 68 4 4 2 3 8 14 64 42 68
1846 1644 1933 808 0 95 68 6 4 2 3 4 33 2 50 2 61 117
1878 1644 620 936 0 95 68 6 4 2 3 4 33 2 58 2 61 117
1702 1644 924 232 0 95 68 6 4 2 3 4 3 8 0 192 23 53
1658 1644 701 56 0 95 68 7 4 2 3 8 5 2 2 0 0 22 84
1722 1644 1226 312 0 95 68 4 4 2 3 8 4 64 43 52
1786 1644 859 568 0 95 68 8 4 2 3 8 5 2 2 3 2 0 22 101
1850 1644 489 824 0 95 68 4 4 2 3 8 12 64 43 52
1542 1376 419 2660 0 101 84 8 8 2 3 8 2 3 4 3 2 0 21 100
1606 1376 620 3684 0 101 84 6 8 2 3 8 2 3 14 0 34 100
1434 1376 1332 932 0 101 84 8 8 2 3 4 3 8 3 2 0 0 23 84
1562 1376 1298 2980 0 101 84 9 8 2 3 4 3 8 3 2 3 2 0 23 101
1518 1376 419 2276 0 101 84 8 8 2 3 8 3 2 4 3 2 0 22 100
1582 1376 0 3300 0 101 84 6 8 2 3 8 3 2 12 0 35 84
1422 1376 1377 740 0 101 84 8 8 2 3 8 3 2 3 4 0 64 23 85
1550 1376 4 2788 0 101 84 8 8 2 3 8 3 2 3 4 2 64 23 85
1614 1376 419 3812 0 101 84 7 8 2 3 8 3 2 3 14 0 35 101
14 0 701 238 0 101 100 8 8 3 2 3 8 5 2 2 0 0 30 84
78 0 1226 1262 0 101 100 5 8 3 2 3 8 4 64 47 52
142 0 859 2286 0 101 100 9 8 3 2 3 8 5 2 2 3 2 0 30 101
206 0 489 3310 0 101 100 5 8 3 2 3 8 12 64 47 52
2832 2734 258 25166 4 133 100 10 16 3 2 2 2 3 4 32 3 2 24 2 57 134
2960 2734 558 57934 4 133 100 10 16 3 2 2 2 3 4 32 3 2 56 2 57 134
2784 2734 2807 12878 4 133 100 9 16 3 2 2 2 3 4 2 9 0 192 21 69
2912 2734 2952 45646 4 133 100 9 16 3 2 2 2 3 4 2 9 2 192 21 69
2836 2734 2120 26190 4 133 100 7 16 3 2 2 2 3 8 6 64 34 68
2936 2734 683 51790 4 133 100 9 16 3 2 2 2 3 4 33 2 50 2 57 117
2968 2734 620 59982 4 133 100 9 16 3 2 2 2 3 4 33 2 58 2 57 117
2792 2734 924 14926 4 133 100 9 16 3 2 2 2 3 4 3 8 0 192 23 53
56 0 1332 908 0 103 84 8 8 3 2 4 3 8 3 2 0 0 27 84
184 0 1298 2956 0 103 84 9 8 3 2 4 3 8 3 2 3 2 0 27 101
12 0 1450 204 0 103 84 8 8 3 2 8 3 2 4 2 0 0 26 100
76 0 1376 1228 0 103 84 6 8 3 2 8 3 2 4 0 37 84
140 0 419 2252 0 103 84 8 8 3 2 8 3 2 4 3 2 0 26 100
204 0 0 3276 0 103 84 6 8 3 2 8 3 2 12 0 37 84
44 0 1377 716 0 103 84 8 8 3 2 8 3 2 3 4 0 64 27 85
108 0 1535 1740 0 103 84 7 8 3 2 8 3 2 3 6 0 37 101
172 0 4 2764 0 103 84 8 8 3 2 8 3 2 3 4 2 64 27 85
236 0 419 3788 0 103 84 7 8 3 2 8 3 2 3 14 0 37 101
226 0 558 3628 0 103 84 8 8 3 2 3 4 32 3 2 56 2 59 134
50 0 2807 812 0 103 84 7 8 3 2 3 4 2 9 0 192 29 69
178 0 2952 2860 0 103 84 7 8 3 2 3 4 2 9 2 192 29 69
38 0 1332 620 0 103 84 8 8 3 2 3 8 4 3 2 0 0 29 84
102 0 2120 1644 0 103 84 5 8 3 2 3 8 6 64 38 68
166 0 1298 2668 0 103 84 9 8 3 2 3 8 4 3 2 3 2 0 29 101
230 0 1933 3692 0 103 84 5 8 3 2 3 8 14 64 38 68
234 0 620 3756 0 103 84 7 8 3 2 3 4 33 2 58 2 59 117
58 0 924 940 0 103 84 7 8 3 2 3 4 3 8 0 192 31 53
14 0 701 236 0 103 84 8 8 3 2 3 8 5 2 2 0 0 30 84
78 0 1226 1260 0 103 84 5 8 3 2 3 8 4 64 39 52
142 0 859 2284 0 103 84 9 8 3 2 3 8 5 2 2 3 2 0 30 101
206 0 489 3308 0 103 84 5 8 3 2 3 8 12 64 39 52
324 274 2413 13024 960 143 72 11 128 4 2 3 32 3 16 3 8 2 3 0 64 29 68
352 274 950 20192 960 143 72 9 128 4 2 3 32 3 20 3 2 4 128 47 52
480 274 124 52960 960 143 72 9 128 4 2 3 32 3 20 3 2 12 128 47 52
56 0 1332 906 2 108 100 8 8 3 2 4 3 8 3 2 0 0 27 84
184 0 1298 2954 2 108 100 9 8 3 2 4 3 8 3 2 3 2 0 27 101
140 0 419 2250 2 108 100 8 8 3 2 8 3 2 4 3 2 0 26 100
204 0 0 3274 2 108 100 6 8 3 2 8 3 2 12 0 45 84
44 0 1377 714 2 108 100 8 8 3 2 8 3 2 3 4 0 64 27 85
108 0 1535 1738 2 108 100 7 8 3 2 8 3 2 3 6 0 45 101
172 0 4 2762 2 108 100 8 8 3 2 8 3 2 3 4 2 64 27 85
236 0 419 3786 2 108 100 7 8 3 2 8 3 2 3 14 0 45 101
131 0 419 2106 2 108 100 8 12 3 2 3 4 2 4 3 2 0 28 100
195 0 620 3130 2 108 100 6 12 3 2 3 4 2 12 0 46 84
147 0 60 2362 2 108 100 8 12 3 2 3 8 2 2 3 2 0 28 101
35 0 1377 570 2 108 100 8 12 3 2 3 4 2 3 4 0 64 29 85
99 0 348 1594 2 108 100 7 12 3 2 3 4 2 3 6 0 46 101
163 0 3008 2618 2 108 100 8 12 3 2 3 4 2 3 4 2 64 29 85
227 0 419 3642 2 108 100 7 12 3 2 3 4 2 3 14 0 46 101
51 0 2552 826 2 108 100 7 12 3 2 3 8 2 3 0 0 29 68
717 620 894 1560 2 109 84 6 12 3 2 2 4 3 6 0 36 100
781 620 419 2584 2 109 84 8 12 3 2 2 4 3 4 3 2 0 25 100
845 620 0 3608 2 109 84 6 12 3 2 2 4 3 14 0 36 100
669 620 3023 792 2 109 84 7 12 3 2 2 8 3 2 0 0 25 84
797 620 1298 2840 2 109 84 8 12 3 2 2 8 3 2 3 2 0 25 101
846 620 558 3624 2 109 84 8 8 3 2 3 4 32 3 2 56 2 59 134
670 620 2807 808 2 109 84 7 8 3 2 3 4 2 9 0 192 29 69
798 620 2952 2856 2 109 84 7 8 3 2 3 4 2 9 2 192 29 69
754 620 419 2152 2 109 84 8 8 3 2 3 8 4 2 3 2 0 28 100
818 620 2531 3176 2 109 84 5 8 3 2 3 8 12 64 38 68
658 620 1332 616 2 109 84 8 8 3 2 3 8 4 3 2 0 0 29 84
722 620 2120 1640 2 109 84 5 8 3 2 3 8 6 64 38 68
786 620 1298 2664 2 109 84 9 8 3 2 3 8 4 3 2 3 2 0 29 101
850 620 1933 3688 2 109 84 5 8 3 2 3 8 14 64 38 68
854 620 620 3752 2 109 84 7 8 3 2 3 4 33 2 58 2 59 117
678 620 924 936 2 109 84 7 8 3 2 3 4 3 8 0 192 31 53
634 620 701 232 2 109 84 8 8 3 2 3 8 5 2 2 0 0 30 84
698 620 1226 1256 2 109 84 5 8 3 2 3 8 4 64 39 52
762 620 859 2280 2 109 84 9 8 3 2 3 8 5 2 2 3 2 0 30 101
826 620 489 3304 2 109 84 5 8 3 2 3 8 12 64 39 52
2990 2952 2413 620 192 102 86 7 2 9 64 3 2 12 3 0 64 29 68
3118 2952 204 2668 192 102 86 7 2 9 64 3 2 12 3 2 64 29 68
609 457 701 2438 192 102 86 8 65 12 2 2 3 8 2 3 2 0 18 100
689 457 0 3718 192 102 86 7 65 12 2 2 3 4 3 14 0 41 100
513 457 1332 902 192 102 86 8 65 12 2 2 3 8 3 2 0 0 19 84
641 457 1298 2950 192 102 86 9 65 12 2 2 3 8 3 2 3 2 0 19 101
1509 1450 1332 236 0 90 100 6 9 2 3 8 3 2 0 0 23 84
1637 1450 1298 748 0 90 100 7 9 2 3 8 3 2 3 2 0 23 101
2480 2301 204 2872 2 109 117 5 2 13 8 2 3 2 64 29 68
1429 1298 419 526 0 87 101 6 8 5 2 2 4 3 2 0 28 100
1493 1298 620 782 0 87 101 4 8 5 2 2 12 0 46 84
1445 1298 60 590 0 87 101 6 8 9 2 2 2 3 2 0 28 101
1333 1298 1377 142 0 87 101 6 8 5 2 2 3 4 0 64 29 85
1397 1298 348 398 0 87 101 5 8 5 2 2 3 6 0 46 101
1461 1298 3008 654 0 87 101 6 8 5 2 2 3 4 2 64 29 85
1525 1298 419 910 0 87 101 5 8 5 2 2 3 14 0 46 101
1349 1298 2552 206 0 87 101 5 8 9 2 2 3 0 0 29 68
1034 894 419 36024 10 142 150 8 16 3 8 2 3 4 2 3 2 0 26 100
1098 894 2531 52408 10 142 150 5 16 3 8 2 3 12 64 45 68
1041 894 2077 37816 10 142 150 6 20 3 2 9 2 2 2 64 28 68
945 894 792 13240 10 142 150 6 20 3 2 9 2 2 0 64 29 52
1931 1707 0 14394 2 124 100 8 12 3 2 3 4 2 4 3 14 0 44 100
1883 1707 1298 11322 2 124 100 10 12 3 2 3 4 2 8 3 2 3 2 0 25 101
1743 1707 1377 2362 2 124 100 9 12 3 2 3 8 2 2 3 4 0 64 25 85
1807 1707 419 6458 2 124 100 8 12 3 2 3 8 2 2 3 6 0 44 101
1871 1707 4 10554 2 124 100 9 12 3 2 3 8 2 2 3 4 2 64 25 85
1843 1707 2301 8762 2 124 100 10 12 3 2 3 4 2 3 4 32 3 8 2 45 117
1907 1707 2552 12858 2 124 100 9 12 3 2 3 4 2 3 4 2 12 64 45 102
1731 1707 1836 1594 2 124 100 8 12 3 2 3 4 2 3 8 0 64 26 68
1859 1707 204 9786 2 124 100 8 12 3 2 3 4 2 3 8 2 64 26 68
1747 1707 204 2618 2 124 100 10 12 3 2 3 4 2 3 4 33 2 2 2 45 117
1875 1707 701 10810 2 124 100 10 12 3 2 3 4 2 3 4 33 2 10 2 45 117
1939 1707 701 14906 2 124 100 9 12 3 2 3 4 2 3 4 3 14 64 45 102
1763 1707 1059 3642 2 124 100 8 12 3 2 3 4 2 3 8 0 64 27 52
1783 1707 652 4922 2 124 100 7 12 3 2 3 8 2 3 4 0 45 68
1911 1707 2301 13114 2 124 100 7 12 3 2 3 8 2 3 12 0 45 68
1227 1075 701 9752 2 125 84 9 12 3 2 2 4 3 8 2 3 2 0 18 100
1307 1075 0 14872 2 125 84 8 12 3 2 2 4 3 4 3 14 0 41 100
1131 1075 1332 3608 2 125 84 9 12 3 2 2 4 3 8 3 2 0 0 19 84
1259 1075 1298 11800 2 125 84 10 12 3 2 2 4 3 8 3 2 3 2 0 19 101
1215 1075 701 8984 2 125 84 9 12 3 2 2 8 3 2 4 3 2 0 18 100
1279 1075 0 13080 2 125 84 7 12 3 2 2 8 3 2 12 0 41 84
1119 1075 1377 2840 2 125 84 9 12 3 2 2 8 3 2 3 4 0 64 19 85
1183 1075 1535 6936 2 125 84 8 12 3 2 2 8 3 2 3 6 0 41 101
1247 1075 4 11032 2 125 84 9 12 3 2 2 8 3 2 3 4 2 64 19 85
1311 1075 419 15128 2 125 84 8 12 3 2 2 8 3 2 3 14 0 41 101
1363 1226 419 8812 192 118 103 9 9 64 3 2 12 3 4 2 3 2 0 26 100
1427 1226 2531 12908 192 118 103 6 9 64 3 2 12 3 12 64 45 68
1267 1226 1332 2668 192 118 103 9 9 64 3 2 12 3 4 3 2 0 0 27 84
1331 1226 2120 6764 192 118 103 6 9 64 3 2 12 3 6 64 45 68
1459 1226 1933 14956 192 118 103 6 9 64 3 2 12 3 14 64 45 68
1600 1434 419 10630 2052 118 100 9 12 2 2 3 8 2 3 4 3 2 0 21 100
1664 1434 620 14726 2052 118 100 7 12 2 2 3 8 2 3 14 0 34 100
1492 1434 1332 3718 2052 118 100 9 12 2 2 3 4 3 8 3 2 0 0 23 84
1620 1434 1298 11910 2052 118 100 10 12 2 2 3 4 3 8 3 2 3 2 0 23 101
1576 1434 419 9094 2052 118 100 9 12 2 2 3 8 3 2 4 3 2 0 22 100
1640 1434 0 13190 2052 118 100 7 12 2 2 3 8 3 2 12 0 35 84
1480 1434 1377 2950 2052 118 100 9 12 2 2 3 8 3 2 3 4 0 64 23 85
1608 1434 4 11142 2052 118 100 9 12 2 2 3 8 3 2 3 4 2 64 23 85
1672 1434 419 15238 2052 118 100 8 12 2 2 3 8 3 2 3 14 0 35 101
1113 1075 1332 9828 2052 135 84 10 16 2 3 2 2 3 8 4 3 2 0 0 21 84
1177 1075 2120 26212 2052 135 84 7 16 2 3 2 2 3 8 6 64 42 68
1241 1075 1298 42596 2052 135 84 11 16 2 3 2 2 3 8 4 3 2 3 2 0 21 101
1305 1075 1933 58980 2052 135 84 7 16 2 3 2 2 3 8 14 64 42 68
472 330 419 2284 0 106 100 8 9 2 3 8 3 2 4 3 2 0 30 100
536 330 0 3308 0 106 100 6 9 2 3 8 3 2 12 0 39 84
568 330 419 3820 0 106 100 7 9 2 3 8 3 2 3 14 0 39 101
602 558 1332 2872 2 125 134 7 13 8 2 3 4 3 2 0 0 27 84
666 558 2120 6968 2 125 134 4 13 8 2 3 6 64 45 68
794 558 1933 15160 2 125 134 4 13 8 2 3 14 64 45 68
139 0 2301 8908 4 123 100 9 17 2 2 3 2 3 4 32 3 8 2 43 117
203 0 2552 13004 4 123 100 8 17 2 2 3 2 3 4 2 12 64 43 102
27 0 2413 1740 4 123 100 7 17 2 2 3 2 3 8 0 64 22 68
155 0 204 9932 4 123 100 7 17 2 2 3 2 3 8 2 64 22 68
171 0 701 10956 4 123 100 9 17 2 2 3 2 3 4 33 2 10 2 43 117
235 0 701 15052 4 123 100 8 17 2 2 3 2 3 4 3 14 64 43 102
59 0 1059 3788 4 123 100 7 17 2 2 3 2 3 8 0 64 23 52
643 419 0 3598 0 103 101 6 8 5 2 2 4 3 14 0 44 100
595 419 1298 2830 0 103 101 8 8 5 2 2 8 3 2 3 2 0 25 101
455 419 1377 590 0 103 101 7 8 9 2 2 2 3 4 0 64 25 85
519 419 419 1614 0 103 101 6 8 9 2 2 2 3 6 0 44 101
583 419 4 2638 0 103 101 7 8 9 2 2 2 3 4 2 64 25 85
555 419 2301 2190 0 103 101 8 8 5 2 2 3 4 32 3 8 2 45 117
619 419 2552 3214 0 103 101 7 8 5 2 2 3 4 2 12 64 45 102
443 419 1836 398 0 103 101 6 8 5 2 2 3 8 0 64 26 68
571 419 204 2446 0 103 101 6 8 5 2 2 3 8 2 64 26 68
459 419 204 654 0 103 101 8 8 5 2 2 3 4 33 2 2 2 45 117
587 419 701 2702 0 103 101 8 8 5 2 2 3 4 33 2 10 2 45 117
651 419 701 3726 0 103 101 7 8 5 2 2 3 4 3 14 64 45 102
475 419 1059 910 0 103 101 6 8 5 2 2 3 8 0 64 27 52
495 419 652 1230 0 103 101 5 8 9 2 2 3 4 0 45 68
623 419 2301 3278 0 103 101 5 8 9 2 2 3 12 0 45 68
2779 2552 0 908 128 87 68 6 8 2 3 4 2 3 14 0 42 100
2731 2552 1298 716 128 87 68 8 8 2 3 8 2 3 2 3 2 0 21 101
294 258 3023 37816 10 158 150 9 20 3 2 9 2 2 4 3 2 0 0 25 84
358 258 28 103352 10 158 150 6 20 3 2 9 2 2 6 64 44 68
422 258 1298 168888 10 158 150 10 20 3 2 9 2 2 4 3 2 3 2 0 25 101
334 258 124 78776 10 158 150 6 20 3 2 9 2 2 4 64 45 52
462 258 2356 209848 10 158 150 6 20 3 2 9 2 2 12 64 45 52
427 201 0 3622 448 105 70 8 64 3 2 12 3 4 2 3 14 0 42 100
379 201 1298 2854 448 105 70 10 64 3 2 12 3 8 2 3 2 3 2 0 21 101
339 201 419 2214 448 105 70 10 64 3 2 12 3 4 3 2 4 3 2 0 22 100
403 201 0 3238 448 105 70 8 64 3 2 12 3 4 3 2 12 0 43 84
355 201 859 2470 448 105 70 10 64 3 2 12 3 8 3 2 2 3 2 0 22 101
259 201 1644 934 448 105 70 9 64 3 2 12 3 8 3 2 3 0 0 23 68
646 419 0 910 0 89 100 5 8 3 2 4 3 14 0 46 100
470 419 1332 206 0 89 100 6 8 3 2 8 3 2 0 0 29 84
598 419 1298 718 0 89 100 7 8 3 2 8 3 2 3 2 0 29 101
478 419 1059 238 0 89 100 5 8 3 2 3 8 0 64 31 52
1933 1707 558 58060 4 139 100 10 17 2 2 3 2 3 4 32 3 2 56 2 59 134
1757 1707 2807 13004 4 139 100 9 17 2 2 3 2 3 4 2 9 0 192 29 69
1885 1707 2952 45772 4 139 100 9 17 2 2 3 2 3 4 2 9 2 192 29 69
1841 1707 419 34508 4 139 100 10 17 2 2 3 2 3 8 4 2 3 2 0 28 100
1905 1707 2531 50892 4 139 100 7 17 2 2 3 2 3 8 12 64 38 68
1745 1707 1332 9932 4 139 100 10 17 2 2 3 2 3 8 4 3 2 0 0 29 84
1809 1707 2120 26316 4 139 100 7 17 2 2 3 2 3 8 6 64 38 68
1873 1707 1298 42700 4 139 100 11 17 2 2 3 2 3 8 4 3 2 3 2 0 29 101
1937 1707 1933 59084 4 139 100 7 17 2 2 3 2 3 8 14 64 38 68
1941 1707 620 60108 4 139 100 9 17 2 2 3 2 3 4 33 2 58 2 59 117
1765 1707 924 15052 4 139 100 9 17 2 2 3 2 3 4 3 8 0 192 31 53
1721 1707 701 3788 4 139 100 10 17 2 2 3 2 3 8 5 2 2 0 0 30 84
1785 1707 1226 20172 4 139 100 7 17 2 2 3 2 3 8 4 64 39 52
1849 1707 859 36556 4 139 100 11 17 2 2 3 2 3 8 5 2 2 3 2 0 30 101
1913 1707 489 52940 4 139 100 7 17 2 2 3 2 3 8 12 64 39 52
2357 2301 1332 908 128 103 68 9 8 2 3 4 2 3 8 3 2 0 0 27 84
2485 2301 1298 2956 128 103 68 10 8 2 3 4 2 3 8 3 2 3 2 0 27 101
2345 2301 1377 716 128 103 68 9 8 2 3 8 2 3 2 3 4 0 64 27 85
2409 2301 1535 1740 128 103 68 8 8 2 3 8 2 3 2 3 6 0 37 101
2473 2301 4 2764 128 103 68 9 8 2 3 8 2 3 2 3 4 2 64 27 85
2537 2301 419 3788 128 103 68 8 8 2 3 8 2 3 2 3 14 0 37 101
1303 1166 701 548 128 95 52 8 9 2 2 4 3 2 4 3 2 0 18 100
1367 1166 0 804 128 95 52 6 9 2 2 4 3 2 12 0 41 84
1319 1166 419 612 128 95 52 8 9 2 2 8 3 2 2 3 2 0 18 101
1207 1166 1377 164 128 95 52 8 9 2 2 4 3 2 3 4 0 64 19 85
1271 1166 1535 420 128 95 52 7 9 2 2 4 3 2 3 6 0 41 101
1335 1166 4 676 128 95 52 8 9 2 2 4 3 2 3 4 2 64 19 85
1399 1166 419 932 128 95 52 7 9 2 2 4 3 2 3 14 0 41 101
1313 1166 1298 588 128 95 52 8 9 2 2 9 2 2 2 3 2 0 20 101
1217 1166 2413 204 128 95 52 7 9 2 2 9 2 2 3 0 0 21 68
739 683 1332 3622 4 121 117 8 12 3 4 2 3 8 3 2 0 0 27 84
867 683 1298 11814 4 121 117 9 12 3 4 2 3 8 3 2 3 2 0 27 101
727 683 1377 2854 4 121 117 8 12 3 8 2 3 2 3 4 0 64 27 85
791 683 1535 6950 4 121 117 7 12 3 8 2 3 2 3 6 0 37 101
855 683 4 11046 4 121 117 8 12 3 8 2 3 2 3 4 2 64 27 85
919 683 419 15142 4 121 117 7 12 3 8 2 3 2 3 14 0 37 101
909 683 0 14502 4 121 117 7 12 3 4 3 2 4 3 14 0 38 100
733 683 1332 3238 4 121 117 8 12 3 4 3 2 8 3 2 0 0 29 84
861 683 1298 11430 4 121 117 9 12 3 4 3 2 8 3 2 3 2 0 29 101
721 683 1377 2470 4 121 117 8 12 3 8 3 2 2 3 4 0 64 29 85
785 683 348 6566 4 121 117 7 12 3 8 3 2 2 3 6 0 38 101
849 683 3008 10662 4 121 117 8 12 3 8 3 2 2 3 4 2 64 29 85
913 683 419 14758 4 121 117 7 12 3 8 3 2 2 3 14 0 38 101
697 683 701 934 4 121 117 8 12 3 8 3 2 3 4 2 0 0 30 84
761 683 479 5030 4 121 117 6 12 3 8 3 2 3 4 0 39 68
825 683 859 9126 4 121 117 9 12 3 8 3 2 3 4 2 3 2 0 30 101
889 683 792 13222 4 121 117 6 12 3 8 3 2 3 12 0 39 68
56 0 1332 910 0 105 100 8 8 3 2 4 3 8 3 2 0 0 27 84
140 0 419 2254 0 105 100 8 8 3 2 8 3 2 4 3 2 0 26 100
204 0 0 3278 0 105 100 6 8 3 2 8 3 2 12 0 45 84
44 0 1377 718 0 105 100 8 8 3 2 8 3 2 3 4 0 64 27 85
108 0 1535 1742 0 105 100 7 8 3 2 8 3 2 3 6 0 45 101
172 0 4 2766 0 105 100 8 8 3 2 8 3 2 3 4 2 64 27 85
236 0 419 3790 0 105 100 7 8 3 2 8 3 2 3 14 0 45 101
14 0 701 238 0 105 100 8 8 3 2 3 8 5 2 2 0 0 30 84
78 0 1226 1262 0 105 100 5 8 3 2 3 8 4 64 47 52
142 0 859 2286 0 105 100 9 8 3 2 3 8 5 2 2 3 2 0 30 101
206 0 489 3310 0 105 100 5 8 3 2 3 8 12 64 47 52
335 204 419 526 64 87 68 8 8 3 2 3 4 2 4 3 2 0 28 100
399 204 620 782 64 87 68 6 8 3 2 3 4 2 12 0 46 84
239 204 1377 142 64 87 68 8 8 3 2 3 4 2 3 4 0 64 29 85
303 204 348 398 64 87 68 7 8 3 2 3 4 2 3 6 0 46 101
367 204 3008 654 64 87 68 8 8 3 2 3 4 2 3 4 2 64 29 85
431 204 419 910 64 87 68 7 8 3 2 3 4 2 3 14 0 46 101
1112 950 419 2596 128 111 52 10 9 2 2 4 3 2 4 3 4 3 2 0 21 100
1176 950 620 3620 128 111 52 8 9 2 2 4 3 2 4 3 14 0 34 100
1000 950 1332 804 128 111 52 9 9 2 2 4 3 2 8 3 2 0 0 21 84
1128 950 1298 2852 128 111 52 10 9 2 2 4 3 2 8 3 2 3 2 0 21 101
1052 950 419 1636 128 111 52 8 9 2 2 8 3 2 2 3 6 0 34 101
1088 950 2301 2212 128 111 52 10 9 2 2 4 3 2 3 4 32 3 8 2 35 117
1152 950 2552 3236 128 111 52 9 9 2 2 4 3 2 3 4 2 12 64 35 102
976 950 2413 420 128 111 52 8 9 2 2 4 3 2 3 8 0 64 22 68
1104 950 204 2468 128 111 52 8 9 2 2 4 3 2 3 8 2 64 22 68
992 950 620 676 128 111 52 10 9 2 2 4 3 2 3 4 33 2 2 2 35 117
1120 950 701 2724 128 111 52 10 9 2 2 4 3 2 3 4 33 2 10 2 35 117
1184 950 701 3748 128 111 52 9 9 2 2 4 3 2 3 4 3 14 64 35 102
1008 950 1059 932 128 111 52 8 9 2 2 4 3 2 3 8 0 64 23 52
160 124 1377 588 128 111 52 9 9 2 2 9 2 2 2 3 4 0 64 25 85
136 124 2905 204 128 111 52 9 9 2 2 9 2 2 3 4 2 0 0 26 84
2157 1933 0 3598 64 103 68 8 8 3 2 3 4 2 4 3 14 0 44 100
2109 1933 1298 2830 64 103 68 10 8 3 2 3 4 2 8 3 2 3 2 0 25 101
2069 1933 2301 2190 64 103 68 10 8 3 2 3 4 2 3 4 32 3 8 2 45 117
2133 1933 2552 3214 64 103 68 9 8 3 2 3 4 2 3 4 2 12 64 45 102
1957 1933 1836 398 64 103 68 8 8 3 2 3 4 2 3 8 0 64 26 68
2085 1933 204 2446 64 103 68 8 8 3 2 3 4 2 3 8 2 64 26 68
1973 1933 204 654 64 103 68 10 8 3 2 3 4 2 3 4 33 2 2 2 45 117
2101 1933 701 2702 64 103 68 10 8 3 2 3 4 2 3 4 33 2 10 2 45 117
2165 1933 701 3726 64 103 68 9 8 3 2 3 4 2 3 4 3 14 64 45 102
1989 1933 1059 910 64 103 68 8 8 3 2 3 4 2 3 8 0 64 27 52
2346 2120 558 3622 64 109 68 9 8 3 2 2 3 4 32 3 2 56 2 61 134
2170 2120 2807 806 64 109 68 8 8 3 2 2 3 4 2 9 0 192 21 69
2298 2120 2952 2854 64 109 68 8 8 3 2 2 3 4 2 9 2 192 21 69
2254 2120 2596 2150 64 109 68 9 8 3 2 2 3 8 4 2 3 2 0 20 100
2318 2120 2531 3174 64 109 68 6 8 3 2 2 3 8 12 64 42 68
2158 2120 1332 614 64 109 68 9 8 3 2 2 3 8 4 3 2 0 0 21 84
2222 2120 2120 1638 64 109 68 6 8 3 2 2 3 8 6 64 42 68
2286 2120 1298 2662 64 109 68 10 8 3 2 2 3 8 4 3 2 3 2 0 21 101
2350 2120 1933 3686 64 109 68 6 8 3 2 2 3 8 14 64 42 68
2322 2120 1933 3238 64 109 68 8 8 3 2 2 3 4 33 2 50 2 61 117
2354 2120 620 3750 64 109 68 8 8 3 2 2 3 4 33 2 58 2 61 117
2178 2120 924 934 64 109 68 8 8 3 2 2 3 4 3 8 0 192 23 53
2134 2120 701 230 64 109 68 9 8 3 2 2 3 8 5 2 2 0 0 22 84
2198 2120 1226 1254 64 109 68 6 8 3 2 2 3 8 4 64 43 52
2262 2120 859 2278 64 109 68 10 8 3 2 2 3 8 5 2 2 3 2 0 22 101
2326 2120 489 3302 64 109 68 6 8 3 2 2 3 8 12 64 43 52
66 28 1332 614 64 108 68 9 8 3 2 2 3 8 4 3 2 0 0 21 84
130 28 2120 1638 64 108 68 6 8 3 2 2 3 8 6 64 42 68
194 28 1298 2662 64 108 68 10 8 3 2 2 3 8 4 3 2 3 2 0 21 101
258 28 1933 3686 64 108 68 6 8 3 2 2 3 8 14 64 42 68
2452 2356 894 1548 64 109 52 8 9 2 2 3 4 2 4 3 6 0 36 100
2516 2356 419 2572 64 109 52 10 9 2 2 3 4 2 4 3 4 3 2 0 25 100
2580 2356 0 3596 64 109 52 8 9 2 2 3 4 2 4 3 14 0 36 100
2404 2356 3023 780 64 109 52 9 9 2 2 3 4 2 8 3 2 0 0 25 84
2532 2356 1298 2828 64 109 52 10 9 2 2 3 4 2 8 3 2 3 2 0 25 101
832 701 419 2106 2 107 117 7 13 2 5 2 2 4 3 2 0 28 100
896 701 620 3130 2 107 117 5 13 2 5 2 2 12 0 46 84
848 701 60 2362 2 107 117 7 13 2 9 2 2 2 3 2 0 28 101
736 701 1377 570 2 107 117 7 13 2 5 2 2 3 4 0 64 29 85
800 701 348 1594 2 107 117 6 13 2 5 2 2 3 6 0 46 101
864 701 3008 2618 2 107 117 7 13 2 5 2 2 3 4 2 64 29 85
928 701 419 3642 2 107 117 6 13 2 5 2 2 3 14 0 46 101
752 701 2552 826 2 107 117 6 13 2 9 2 2 3 0 0 29 68
646 419 0 910 0 94 100 5 8 3 2 4 3 14 0 38 100
470 419 1332 206 0 94 100 6 8 3 2 8 3 2 0 0 29 84
598 419 1298 718 0 94 100 7 8 3 2 8 3 2 3 2 0 29 101
844 620 0 14394 2 123 117 7 13 2 5 2 2 4 3 14 0 44 100
796 620 1298 11322 2 123 117 9 13 2 5 2 2 8 3 2 3 2 0 25 101
656 620 1377 2362 2 123 117 8 13 2 9 2 2 2 3 4 0 64 25 85
720 620 419 6458 2 123 117 7 13 2 9 2 2 2 3 6 0 44 101
784 620 4 10554 2 123 117 8 13 2 9 2 2 2 3 4 2 64 25 85
756 620 2301 8762 2 123 117 9 13 2 5 2 2 3 4 32 3 8 2 45 117
820 620 2552 12858 2 123 117 8 13 2 5 2 2 3 4 2 12 64 45 102
644 620 1836 1594 2 123 117 7 13 2 5 2 2 3 8 0 64 26 68
772 620 204 9786 2 123 117 7 13 2 5 2 2 3 8 2 64 26 68
660 620 204 2618 2 123 117 9 13 2 5 2 2 3 4 33 2 2 2 45 117
788 620 701 10810 2 123 117 9 13 2 5 2 2 3 4 33 2 10 2 45 117
852 620 701 14906 2 123 117 8 13 2 5 2 2 3 4 3 14 64 45 102
676 620 1059 3642 2 123 117 7 13 2 5 2 2 3 8 0 64 27 52
696 620 652 4922 2 123 117 6 13 2 9 2 2 3 4 0 45 68
824 620 2301 13114 2 123 117 6 13 2 9 2 2 3 12 0 45 68
56 0 1332 910 0 110 100 8 8 3 2 4 3 8 3 2 0 0 27 84
184 0 1298 2958 0 110 100 9 8 3 2 4 3 8 3 2 3 2 0 27 101
140 0 419 2254 0 110 100 8 8 3 2 8 3 2 4 3 2 0 26 100
204 0 0 3278 0 110 100 6 8 3 2 8 3 2 12 0 45 84
44 0 1377 718 0 110 100 8 8 3 2 8 3 2 3 4 0 64 27 85
108 0 1535 1742 0 110 100 7 8 3 2 8 3 2 3 6 0 45 101
172 0 4 2766 0 110 100 8 8 3 2 8 3 2 3 4 2 64 27 85
236 0 419 3790 0 110 100 7 8 3 2 8 3 2 3 14 0 45 101
832 701 419 2106 2 109 117 7 13 2 5 2 2 4 3 2 0 28 100
896 701 620 3130 2 109 117 5 13 2 5 2 2 12 0 46 84
848 701 60 2362 2 109 117 7 13 2 9 2 2 2 3 2 0 28 101
736 701 1377 570 2 109 117 7 13 2 5 2 2 3 4 0 64 29 85
800 701 348 1594 2 109 117 6 13 2 5 2 2 3 6 0 46 101
864 701 3008 2618 2 109 117 7 13 2 5 2 2 3 4 2 64 29 85
928 701 419 3642 2 109 117 6 13 2 5 2 2 3 14 0 46 101
752 701 2552 826 2 109 117 6 13 2 9 2 2 3 0 0 29 68
2559 2356 2552 3256 2 109 100 7 13 2 3 2 3 4 2 12 64 39 102
2415 2356 1059 952 2 109 100 6 13 2 3 2 3 8 0 64 31 52
844 620 0 14394 2 125 117 7 13 2 5 2 2 4 3 14 0 44 100
796 620 1298 11322 2 125 117 9 13 2 5 2 2 8 3 2 3 2 0 25 101
656 620 1377 2362 2 125 117 8 13 2 9 2 2 2 3 4 0 64 25 85
720 620 419 6458 2 125 117 7 13 2 9 2 2 2 3 6 0 44 101
784 620 4 10554 2 125 117 8 13 2 9 2 2 2 3 4 2 64 25 85
756 620 2301 8762 2 125 117 9 13 2 5 2 2 3 4 32 3 8 2 45 117
820 620 2552 12858 2 125 117 8 13 2 5 2 2 3 4 2 12 64 45 102
644 620 1836 1594 2 125 117 7 13 2 5 2 2 3 8 0 64 26 68
772 620 204 9786 2 125 117 7 13 2 5 2 2 3 8 2 64 26 68
660 620 204 2618 2 125 117 9 13 2 5 2 2 3 4 33 2 2 2 45 117
788 620 701 10810 2 125 117 9 13 2 5 2 2 3 4 33 2 10 2 45 117
852 620 701 14906 2 125 117 8 13 2 5 2 2 3 4 3 14 64 45 102
676 620 1059 3642 2 125 117 7 13 2 5 2 2 3 8 0 64 27 52
696 620 652 4922 2 125 117 6 13 2 9 2 2 3 4 0 45 68
824 620 2301 13114 2 125 117 6 13 2 9 2 2 3 12 0 45 68
159 109 2807 3256 2 125 100 8 13 2 3 2 3 4 2 9 0 192 29 69
287 109 2952 11448 2 125 100 8 13 2 3 2 3 4 2 9 2 192 29 69
123 109 701 952 2 125 100 9 13 2 3 2 3 8 5 2 2 0 0 30 84
187 109 1226 5048 2 125 100 6 13 2 3 2 3 8 4 64 47 52
251 109 859 9144 2 125 100 10 13 2 3 2 3 8 5 2 2 3 2 0 30 101
315 109 489 13240 2 125 100 6 13 2 3 2 3 8 12 64 47 52
15 1 701 944 960 127 55 11 97 2 4 2 17 2 3 2 3 4 2 0 0 30 84
79 1 479 5040 960 127 55 9 97 2 4 2 17 2 3 2 3 4 0 39 68
143 1 859 9136 960 127 55 12 97 2 4 2 17 2 3 2 3 4 2 3 2 0 30 101
207 1 792 13232 960 127 55 9 97 2 4 2 17 2 3 2 3 12 0 39 68
2080 1933 620 2362 448 101 70 7 2 3 4 129 8 3 2 36 4 63 84
610 479 419 8428 4 126 100 9 17 2 3 2 3 4 2 4 3 2 0 28 100
674 479 620 12524 4 126 100 7 17 2 3 2 3 4 2 12 0 46 84
626 479 60 9452 4 126 100 9 17 2 3 2 3 8 2 2 3 2 0 28 101
514 479 1377 2284 4 126 100 9 17 2 3 2 3 4 2 3 4 0 64 29 85
578 479 348 6380 4 126 100 8 17 2 3 2 3 4 2 3 6 0 46 101
642 479 3008 10476 4 126 100 9 17 2 3 2 3 4 2 3 4 2 64 29 85
706 479 419 14572 4 126 100 8 17 2 3 2 3 4 2 3 14 0 46 101
530 479 2552 3308 4 126 100 8 17 2 3 2 3 8 2 3 0 0 29 68
107 7 1075 6458 448 117 87 6 3 4 129 8 3 2 100 4 79 84
2820 2596 0 57580 4 142 100 9 17 2 3 2 3 4 2 4 3 14 0 44 100
2772 2596 1298 45292 4 142 100 11 17 2 3 2 3 4 2 8 3 2 3 2 0 25 101
2632 2596 1377 9452 4 142 100 10 17 2 3 2 3 8 2 2 3 4 0 64 25 85
2696 2596 419 25836 4 142 100 9 17 2 3 2 3 8 2 2 3 6 0 44 101
2760 2596 4 42220 4 142 100 10 17 2 3 2 3 8 2 2 3 4 2 64 25 85
2732 2596 2301 35052 4 142 100 11 17 2 3 2 3 4 2 3 4 32 3 8 2 45 117
2796 2596 2552 51436 4 142 100 10 17 2 3 2 3 4 2 3 4 2 12 64 45 102
2620 2596 1836 6380 4 142 100 9 17 2 3 2 3 4 2 3 8 0 64 26 68
2748 2596 204 39148 4 142 100 9 17 2 3 2 3 4 2 3 8 2 64 26 68
2636 2596 204 10476 4 142 100 11 17 2 3 2 3 4 2 3 4 33 2 2 2 45 117
2764 2596 701 43244 4 142 100 11 17 2 3 2 3 4 2 3 4 33 2 10 2 45 117
2828 2596 701 59628 4 142 100 10 17 2 3 2 3 4 2 3 4 3 14 64 45 102
2652 2596 1059 14572 4 142 100 9 17 2 3 2 3 4 2 3 8 0 64 27 52
2672 2596 652 19692 4 142 100 8 17 2 3 2 3 8 2 3 4 0 45 68
2800 2596 2301 52460 4 142 100 8 17 2 3 2 3 8 2 3 12 0 45 68
483 330 419 39226 448 133 104 11 4 129 8 3 2 16 2 3 2 2 3 2 0 18 101
109 7 419 26190 960 139 88 10 129 8 3 2 16 2 3 2 2 3 6 0 34 101
773 620 204 9828 4 127 84 7 16 2 3 2 2 3 8 2 64 26 68
1113 1075 1332 9828 4 143 84 10 16 2 3 2 2 3 8 4 3 2 0 0 21 84
1177 1075 2120 26212 4 143 84 7 16 2 3 2 2 3 8 6 64 42 68
1241 1075 1298 42596 4 143 84 11 16 2 3 2 2 3 8 4 3 2 3 2 0 21 101
1305 1075 1933 58980 4 143 84 7 16 2 3 2 2 3 8 14 64 42 68
